0;0;0;BLACK_TERRACOTTA;
0;0;1;BLACK_TERRACOTTA;
0;0;2;BLACK_TERRACOTTA;
0;0;3;BLACK_TERRACOTTA;
0;0;4;BLACK_TERRACOTTA;
0;0;5;BLACK_TERRACOTTA;
0;0;6;BLACK_TERRACOTTA;
0;1;0;BLACK_TERRACOTTA;
0;1;1;BLACK_TERRACOTTA;
0;1;2;BLACK_TERRACOTTA;
0;1;3;BLACK_TERRACOTTA;
0;1;4;BLACK_TERRACOTTA;
0;1;5;BLACK_TERRACOTTA;
0;1;6;BLACK_TERRACOTTA;
0;2;0;BLACK_TERRACOTTA;
0;2;1;BLACK_TERRACOTTA;
0;2;2;BLACK_TERRACOTTA;
0;2;3;BLACK_TERRACOTTA;
0;2;4;BLACK_TERRACOTTA;
0;2;5;BLACK_TERRACOTTA;
0;2;6;BLACK_TERRACOTTA;
0;3;0;BLACK_TERRACOTTA;
0;3;1;BLACK_TERRACOTTA;
0;3;2;BLACK_TERRACOTTA;
0;3;3;BLACK_TERRACOTTA;
0;3;4;BLACK_TERRACOTTA;
0;3;5;BLACK_TERRACOTTA;
0;3;6;BLACK_TERRACOTTA;
0;4;0;BLACK_TERRACOTTA;
0;4;1;BLACK_TERRACOTTA;
0;4;2;BLACK_TERRACOTTA;
0;4;3;BLACK_TERRACOTTA;
0;4;4;BLACK_TERRACOTTA;
0;4;5;BLACK_TERRACOTTA;
0;4;6;BLACK_TERRACOTTA;
0;5;0;BLACK_TERRACOTTA;
0;5;1;BLACK_TERRACOTTA;
0;5;2;BLACK_TERRACOTTA;
0;5;3;BLACK_TERRACOTTA;
0;5;4;BLACK_TERRACOTTA;
0;5;5;BLACK_TERRACOTTA;
0;5;6;BLACK_TERRACOTTA;
0;6;0;BLACK_TERRACOTTA;
0;6;1;BLACK_TERRACOTTA;
0;6;2;BLACK_TERRACOTTA;
0;6;3;BLACK_TERRACOTTA;
0;6;4;BLACK_TERRACOTTA;
0;6;5;BLACK_TERRACOTTA;
0;6;6;BLACK_TERRACOTTA;
0;7;0;BLACK_TERRACOTTA;
0;7;1;BLACK_TERRACOTTA;
0;7;2;BLACK_TERRACOTTA;
0;7;3;BLACK_TERRACOTTA;
0;7;4;BLACK_TERRACOTTA;
0;7;5;BLACK_TERRACOTTA;
0;7;6;BLACK_TERRACOTTA;
0;8;0;BLACK_TERRACOTTA;
0;8;1;BLACK_TERRACOTTA;
0;8;2;BLACK_TERRACOTTA;
0;8;3;BLACK_TERRACOTTA;
0;8;4;BLACK_TERRACOTTA;
0;8;5;BLACK_TERRACOTTA;
0;8;6;BLACK_TERRACOTTA;
0;9;0;BLACK_TERRACOTTA;
0;9;1;BLACK_TERRACOTTA;
0;9;2;BLACK_TERRACOTTA;
0;9;3;BLACK_TERRACOTTA;
0;9;4;BLACK_TERRACOTTA;
0;9;5;BLACK_TERRACOTTA;
0;9;6;BLACK_TERRACOTTA;
0;10;0;BLACK_TERRACOTTA;
0;10;1;BLACK_TERRACOTTA;
0;10;2;BLACK_TERRACOTTA;
0;10;3;BLACK_TERRACOTTA;
0;10;4;BLACK_TERRACOTTA;
0;10;5;BLACK_TERRACOTTA;
0;10;6;BLACK_TERRACOTTA;
0;11;0;BLACK_TERRACOTTA;
0;11;1;BLACK_TERRACOTTA;
0;11;2;BLACK_TERRACOTTA;
0;11;3;BLACK_TERRACOTTA;
0;11;4;BLACK_TERRACOTTA;
0;11;5;BLACK_TERRACOTTA;
0;11;6;BLACK_TERRACOTTA;
0;12;0;WHITE_WOOL;
0;12;1;WHITE_WOOL;
0;12;2;WHITE_WOOL;
0;12;3;WHITE_WOOL;
0;12;4;WHITE_WOOL;
0;12;5;WHITE_WOOL;
0;12;6;WHITE_WOOL;
0;13;0;WHITE_WOOL;
0;13;1;WHITE_WOOL;
0;13;2;WHITE_WOOL;
0;13;3;WHITE_WOOL;
0;13;4;WHITE_WOOL;
0;13;5;WHITE_WOOL;
0;13;6;WHITE_WOOL;
0;14;0;WHITE_WOOL;
0;14;1;WHITE_WOOL;
0;14;2;WHITE_WOOL;
0;14;3;WHITE_WOOL;
0;14;4;WHITE_WOOL;
0;14;5;WHITE_WOOL;
0;14;6;WHITE_WOOL;
0;15;0;WHITE_WOOL;
0;15;1;WHITE_WOOL;
0;15;2;WHITE_WOOL;
0;15;3;WHITE_WOOL;
0;15;4;WHITE_WOOL;
0;15;5;WHITE_WOOL;
0;15;6;WHITE_WOOL;
0;16;0;WHITE_WOOL;
0;16;1;WHITE_WOOL;
0;16;2;WHITE_WOOL;
0;16;3;WHITE_WOOL;
0;16;4;WHITE_WOOL;
0;16;5;WHITE_WOOL;
0;16;6;WHITE_WOOL;
0;17;0;WHITE_WOOL;
0;17;1;WHITE_WOOL;
0;17;2;WHITE_WOOL;
0;17;3;WHITE_WOOL;
0;17;4;WHITE_WOOL;
0;17;5;WHITE_WOOL;
0;17;6;WHITE_WOOL;
0;18;0;WHITE_WOOL;
0;18;1;WHITE_WOOL;
0;18;2;WHITE_WOOL;
0;18;3;WHITE_WOOL;
0;18;4;WHITE_WOOL;
0;18;5;WHITE_WOOL;
0;18;6;WHITE_WOOL;
0;19;0;WHITE_WOOL;
0;19;1;WHITE_WOOL;
0;19;2;WHITE_WOOL;
0;19;3;WHITE_WOOL;
0;19;4;WHITE_WOOL;
0;19;5;WHITE_WOOL;
0;19;6;WHITE_WOOL;
0;20;0;WHITE_WOOL;
0;20;1;WHITE_WOOL;
0;20;2;WHITE_WOOL;
0;20;3;WHITE_WOOL;
0;20;4;WHITE_WOOL;
0;20;5;WHITE_WOOL;
0;20;6;WHITE_WOOL;
0;21;0;WHITE_WOOL;
0;21;1;WHITE_WOOL;
0;21;2;WHITE_WOOL;
0;21;3;WHITE_WOOL;
0;21;4;WHITE_WOOL;
0;21;5;WHITE_WOOL;
0;21;6;WHITE_WOOL;
0;22;0;LIGHT_BLUE_WOOL;
0;22;1;LIGHT_BLUE_WOOL;
0;22;2;LIGHT_BLUE_WOOL;
0;22;3;LIGHT_BLUE_WOOL;
0;22;4;LIGHT_BLUE_WOOL;
0;22;5;LIGHT_BLUE_WOOL;
0;22;6;LIGHT_BLUE_WOOL;
0;23;0;LIGHT_BLUE_WOOL;
0;23;1;LIGHT_BLUE_WOOL;
0;23;2;LIGHT_BLUE_WOOL;
0;23;3;LIGHT_BLUE_WOOL;
0;23;4;LIGHT_BLUE_WOOL;
0;23;5;LIGHT_BLUE_WOOL;
0;23;6;LIGHT_BLUE_WOOL;
0;24;0;LIGHT_BLUE_WOOL;
0;24;1;LIGHT_BLUE_WOOL;
0;24;2;LIGHT_BLUE_WOOL;
0;24;3;LIGHT_BLUE_WOOL;
0;24;4;LIGHT_BLUE_WOOL;
0;24;5;LIGHT_BLUE_WOOL;
0;24;6;LIGHT_BLUE_WOOL;
0;25;0;MAGENTA_WOOL;
0;25;1;MAGENTA_WOOL;
0;25;2;MAGENTA_WOOL;
0;25;3;MAGENTA_WOOL;
0;25;4;MAGENTA_WOOL;
0;25;5;MAGENTA_WOOL;
0;25;6;MAGENTA_WOOL;
0;26;0;MAGENTA_WOOL;
0;26;1;MAGENTA_WOOL;
0;26;2;MAGENTA_WOOL;
0;26;3;MAGENTA_WOOL;
0;26;4;MAGENTA_WOOL;
0;26;5;MAGENTA_WOOL;
0;26;6;MAGENTA_WOOL;
0;27;0;GOLD_BLOCK;
0;27;1;GOLD_BLOCK;
0;27;2;GOLD_BLOCK;
0;27;3;GOLD_BLOCK;
0;27;4;GOLD_BLOCK;
0;27;5;GOLD_BLOCK;
0;27;6;GOLD_BLOCK;
0;28;0;GOLD_BLOCK;
0;28;1;GOLD_BLOCK;
0;28;2;GOLD_BLOCK;
0;28;3;GOLD_BLOCK;
0;28;4;GOLD_BLOCK;
0;28;5;GOLD_BLOCK;
0;28;6;GOLD_BLOCK;
0;29;0;GOLD_BLOCK;
0;29;1;GOLD_BLOCK;
0;29;2;GOLD_BLOCK;
0;29;3;GOLD_BLOCK;
0;29;4;GOLD_BLOCK;
0;29;5;GOLD_BLOCK;
0;29;6;GOLD_BLOCK;
1;0;0;BLACK_TERRACOTTA;
1;0;1;BLACK_TERRACOTTA;
1;0;2;BLACK_TERRACOTTA;
1;0;3;BLACK_TERRACOTTA;
1;0;4;BLACK_TERRACOTTA;
1;0;5;BLACK_TERRACOTTA;
1;0;6;BLACK_TERRACOTTA;
1;1;0;BLACK_TERRACOTTA;
1;1;1;BLACK_TERRACOTTA;
1;1;2;BLACK_TERRACOTTA;
1;1;3;BLACK_TERRACOTTA;
1;1;4;BLACK_TERRACOTTA;
1;1;5;BLACK_TERRACOTTA;
1;1;6;BLACK_TERRACOTTA;
1;2;0;BLACK_TERRACOTTA;
1;2;1;BLACK_TERRACOTTA;
1;2;2;BLACK_TERRACOTTA;
1;2;3;BLACK_TERRACOTTA;
1;2;4;BLACK_TERRACOTTA;
1;2;5;BLACK_TERRACOTTA;
1;2;6;BLACK_TERRACOTTA;
1;3;0;BLACK_TERRACOTTA;
1;3;1;BLACK_TERRACOTTA;
1;3;2;BLACK_TERRACOTTA;
1;3;3;BLACK_TERRACOTTA;
1;3;4;BLACK_TERRACOTTA;
1;3;5;BLACK_TERRACOTTA;
1;3;6;BLACK_TERRACOTTA;
1;4;0;BLACK_TERRACOTTA;
1;4;1;BLACK_TERRACOTTA;
1;4;2;BLACK_TERRACOTTA;
1;4;3;BLACK_TERRACOTTA;
1;4;4;BLACK_TERRACOTTA;
1;4;5;BLACK_TERRACOTTA;
1;4;6;BLACK_TERRACOTTA;
1;5;0;BLACK_TERRACOTTA;
1;5;1;BLACK_TERRACOTTA;
1;5;2;BLACK_TERRACOTTA;
1;5;3;BLACK_TERRACOTTA;
1;5;4;BLACK_TERRACOTTA;
1;5;5;BLACK_TERRACOTTA;
1;5;6;BLACK_TERRACOTTA;
1;6;0;BLACK_TERRACOTTA;
1;6;1;BLACK_TERRACOTTA;
1;6;2;BLACK_TERRACOTTA;
1;6;3;BLACK_TERRACOTTA;
1;6;4;BLACK_TERRACOTTA;
1;6;5;BLACK_TERRACOTTA;
1;6;6;BLACK_TERRACOTTA;
1;7;0;BLACK_TERRACOTTA;
1;7;1;BLACK_TERRACOTTA;
1;7;2;BLACK_TERRACOTTA;
1;7;3;BLACK_TERRACOTTA;
1;7;4;BLACK_TERRACOTTA;
1;7;5;BLACK_TERRACOTTA;
1;7;6;BLACK_TERRACOTTA;
1;8;0;BLACK_TERRACOTTA;
1;8;1;BLACK_TERRACOTTA;
1;8;2;BLACK_TERRACOTTA;
1;8;3;BLACK_TERRACOTTA;
1;8;4;BLACK_TERRACOTTA;
1;8;5;BLACK_TERRACOTTA;
1;8;6;BLACK_TERRACOTTA;
1;9;0;BLACK_TERRACOTTA;
1;9;1;BLACK_TERRACOTTA;
1;9;2;BLACK_TERRACOTTA;
1;9;3;BLACK_TERRACOTTA;
1;9;4;BLACK_TERRACOTTA;
1;9;5;BLACK_TERRACOTTA;
1;9;6;BLACK_TERRACOTTA;
1;10;0;BLACK_TERRACOTTA;
1;10;1;BLACK_TERRACOTTA;
1;10;2;BLACK_TERRACOTTA;
1;10;3;BLACK_TERRACOTTA;
1;10;4;BLACK_TERRACOTTA;
1;10;5;BLACK_TERRACOTTA;
1;10;6;BLACK_TERRACOTTA;
1;11;0;BLACK_TERRACOTTA;
1;11;1;BLACK_TERRACOTTA;
1;11;2;BLACK_TERRACOTTA;
1;11;3;BLACK_TERRACOTTA;
1;11;4;BLACK_TERRACOTTA;
1;11;5;BLACK_TERRACOTTA;
1;11;6;BLACK_TERRACOTTA;
1;12;0;WHITE_WOOL;
1;12;1;WHITE_WOOL;
1;12;2;WHITE_WOOL;
1;12;3;WHITE_WOOL;
1;12;4;WHITE_WOOL;
1;12;5;WHITE_WOOL;
1;12;6;WHITE_WOOL;
1;13;0;WHITE_WOOL;
1;13;1;WHITE_WOOL;
1;13;2;WHITE_WOOL;
1;13;3;WHITE_WOOL;
1;13;4;WHITE_WOOL;
1;13;5;WHITE_WOOL;
1;13;6;WHITE_WOOL;
1;14;0;WHITE_WOOL;
1;14;1;WHITE_WOOL;
1;14;2;WHITE_WOOL;
1;14;3;WHITE_WOOL;
1;14;4;WHITE_WOOL;
1;14;5;WHITE_WOOL;
1;14;6;WHITE_WOOL;
1;15;0;WHITE_WOOL;
1;15;1;WHITE_WOOL;
1;15;2;WHITE_WOOL;
1;15;3;WHITE_WOOL;
1;15;4;WHITE_WOOL;
1;15;5;WHITE_WOOL;
1;15;6;WHITE_WOOL;
1;16;0;WHITE_WOOL;
1;16;1;WHITE_WOOL;
1;16;2;WHITE_WOOL;
1;16;3;WHITE_WOOL;
1;16;4;WHITE_WOOL;
1;16;5;WHITE_WOOL;
1;16;6;WHITE_WOOL;
1;17;0;WHITE_WOOL;
1;17;1;WHITE_WOOL;
1;17;2;WHITE_WOOL;
1;17;3;WHITE_WOOL;
1;17;4;WHITE_WOOL;
1;17;5;WHITE_WOOL;
1;17;6;WHITE_WOOL;
1;18;0;WHITE_WOOL;
1;18;1;WHITE_WOOL;
1;18;2;WHITE_WOOL;
1;18;3;WHITE_WOOL;
1;18;4;WHITE_WOOL;
1;18;5;WHITE_WOOL;
1;18;6;WHITE_WOOL;
1;19;0;WHITE_WOOL;
1;19;1;WHITE_WOOL;
1;19;2;WHITE_WOOL;
1;19;3;WHITE_WOOL;
1;19;4;WHITE_WOOL;
1;19;5;WHITE_WOOL;
1;19;6;WHITE_WOOL;
1;20;0;WHITE_WOOL;
1;20;1;WHITE_WOOL;
1;20;2;WHITE_WOOL;
1;20;3;WHITE_WOOL;
1;20;4;WHITE_WOOL;
1;20;5;WHITE_WOOL;
1;20;6;WHITE_WOOL;
1;21;0;WHITE_WOOL;
1;21;1;WHITE_WOOL;
1;21;2;WHITE_WOOL;
1;21;3;WHITE_WOOL;
1;21;4;WHITE_WOOL;
1;21;5;WHITE_WOOL;
1;21;6;WHITE_WOOL;
1;22;0;LIGHT_BLUE_WOOL;
1;22;1;LIGHT_BLUE_WOOL;
1;22;2;LIGHT_BLUE_WOOL;
1;22;3;LIGHT_BLUE_WOOL;
1;22;4;LIGHT_BLUE_WOOL;
1;22;5;LIGHT_BLUE_WOOL;
1;22;6;LIGHT_BLUE_WOOL;
1;23;0;LIGHT_BLUE_WOOL;
1;23;1;LIGHT_BLUE_WOOL;
1;23;2;LIGHT_BLUE_WOOL;
1;23;3;LIGHT_BLUE_WOOL;
1;23;4;LIGHT_BLUE_WOOL;
1;23;5;LIGHT_BLUE_WOOL;
1;23;6;LIGHT_BLUE_WOOL;
1;24;0;LIGHT_BLUE_WOOL;
1;24;1;LIGHT_BLUE_WOOL;
1;24;2;LIGHT_BLUE_WOOL;
1;24;3;LIGHT_BLUE_WOOL;
1;24;4;LIGHT_BLUE_WOOL;
1;24;5;LIGHT_BLUE_WOOL;
1;24;6;LIGHT_BLUE_WOOL;
1;25;0;MAGENTA_WOOL;
1;25;1;MAGENTA_WOOL;
1;25;2;MAGENTA_WOOL;
1;25;3;MAGENTA_WOOL;
1;25;4;MAGENTA_WOOL;
1;25;5;MAGENTA_WOOL;
1;25;6;MAGENTA_WOOL;
1;26;0;MAGENTA_WOOL;
1;26;1;MAGENTA_WOOL;
1;26;2;MAGENTA_WOOL;
1;26;3;MAGENTA_WOOL;
1;26;4;MAGENTA_WOOL;
1;26;5;MAGENTA_WOOL;
1;26;6;MAGENTA_WOOL;
1;27;0;GOLD_BLOCK;
1;27;1;GOLD_BLOCK;
1;27;2;GOLD_BLOCK;
1;27;3;GOLD_BLOCK;
1;27;4;GOLD_BLOCK;
1;27;5;GOLD_BLOCK;
1;27;6;GOLD_BLOCK;
1;28;0;GOLD_BLOCK;
1;28;1;GOLD_BLOCK;
1;28;2;GOLD_BLOCK;
1;28;3;GOLD_BLOCK;
1;28;4;GOLD_BLOCK;
1;28;5;GOLD_BLOCK;
1;28;6;GOLD_BLOCK;
1;29;0;GOLD_BLOCK;
1;29;1;GOLD_BLOCK;
1;29;2;GOLD_BLOCK;
1;29;3;GOLD_BLOCK;
1;29;4;GOLD_BLOCK;
1;29;5;GOLD_BLOCK;
1;29;6;GOLD_BLOCK;
2;0;0;BLACK_TERRACOTTA;
2;0;1;BLACK_TERRACOTTA;
2;0;2;BLACK_TERRACOTTA;
2;0;3;BLACK_TERRACOTTA;
2;0;4;BLACK_TERRACOTTA;
2;0;5;BLACK_TERRACOTTA;
2;0;6;BLACK_TERRACOTTA;
2;1;0;BLACK_TERRACOTTA;
2;1;1;BLACK_TERRACOTTA;
2;1;2;BLACK_TERRACOTTA;
2;1;3;BLACK_TERRACOTTA;
2;1;4;BLACK_TERRACOTTA;
2;1;5;BLACK_TERRACOTTA;
2;1;6;BLACK_TERRACOTTA;
2;2;0;BLACK_TERRACOTTA;
2;2;1;BLACK_TERRACOTTA;
2;2;2;BLACK_TERRACOTTA;
2;2;3;BLACK_TERRACOTTA;
2;2;4;BLACK_TERRACOTTA;
2;2;5;BLACK_TERRACOTTA;
2;2;6;BLACK_TERRACOTTA;
2;3;0;BLACK_TERRACOTTA;
2;3;1;BLACK_TERRACOTTA;
2;3;2;BLACK_TERRACOTTA;
2;3;3;BLACK_TERRACOTTA;
2;3;4;BLACK_TERRACOTTA;
2;3;5;BLACK_TERRACOTTA;
2;3;6;BLACK_TERRACOTTA;
2;4;0;BLACK_TERRACOTTA;
2;4;1;BLACK_TERRACOTTA;
2;4;2;BLACK_TERRACOTTA;
2;4;3;BLACK_TERRACOTTA;
2;4;4;BLACK_TERRACOTTA;
2;4;5;BLACK_TERRACOTTA;
2;4;6;BLACK_TERRACOTTA;
2;5;0;BLACK_TERRACOTTA;
2;5;1;BLACK_TERRACOTTA;
2;5;2;BLACK_TERRACOTTA;
2;5;3;BLACK_TERRACOTTA;
2;5;4;BLACK_TERRACOTTA;
2;5;5;BLACK_TERRACOTTA;
2;5;6;BLACK_TERRACOTTA;
2;6;0;BLACK_TERRACOTTA;
2;6;1;BLACK_TERRACOTTA;
2;6;2;BLACK_TERRACOTTA;
2;6;3;BLACK_TERRACOTTA;
2;6;4;BLACK_TERRACOTTA;
2;6;5;BLACK_TERRACOTTA;
2;6;6;BLACK_TERRACOTTA;
2;7;0;BLACK_TERRACOTTA;
2;7;1;BLACK_TERRACOTTA;
2;7;2;BLACK_TERRACOTTA;
2;7;3;BLACK_TERRACOTTA;
2;7;4;BLACK_TERRACOTTA;
2;7;5;BLACK_TERRACOTTA;
2;7;6;BLACK_TERRACOTTA;
2;8;0;BLACK_TERRACOTTA;
2;8;1;BLACK_TERRACOTTA;
2;8;2;BLACK_TERRACOTTA;
2;8;3;BLACK_TERRACOTTA;
2;8;4;BLACK_TERRACOTTA;
2;8;5;BLACK_TERRACOTTA;
2;8;6;BLACK_TERRACOTTA;
2;9;0;BLACK_TERRACOTTA;
2;9;1;BLACK_TERRACOTTA;
2;9;2;BLACK_TERRACOTTA;
2;9;3;BLACK_TERRACOTTA;
2;9;4;BLACK_TERRACOTTA;
2;9;5;BLACK_TERRACOTTA;
2;9;6;BLACK_TERRACOTTA;
2;10;0;BLACK_TERRACOTTA;
2;10;1;BLACK_TERRACOTTA;
2;10;2;BLACK_TERRACOTTA;
2;10;3;BLACK_TERRACOTTA;
2;10;4;BLACK_TERRACOTTA;
2;10;5;BLACK_TERRACOTTA;
2;10;6;BLACK_TERRACOTTA;
2;11;0;BLACK_TERRACOTTA;
2;11;1;BLACK_TERRACOTTA;
2;11;2;BLACK_TERRACOTTA;
2;11;3;BLACK_TERRACOTTA;
2;11;4;BLACK_TERRACOTTA;
2;11;5;BLACK_TERRACOTTA;
2;11;6;BLACK_TERRACOTTA;
2;12;0;WHITE_WOOL;
2;12;1;WHITE_WOOL;
2;12;2;WHITE_WOOL;
2;12;3;WHITE_WOOL;
2;12;4;WHITE_WOOL;
2;12;5;WHITE_WOOL;
2;12;6;WHITE_WOOL;
2;13;0;WHITE_WOOL;
2;13;1;WHITE_WOOL;
2;13;2;WHITE_WOOL;
2;13;3;WHITE_WOOL;
2;13;4;WHITE_WOOL;
2;13;5;WHITE_WOOL;
2;13;6;WHITE_WOOL;
2;14;0;WHITE_WOOL;
2;14;1;WHITE_WOOL;
2;14;2;WHITE_WOOL;
2;14;3;WHITE_WOOL;
2;14;4;WHITE_WOOL;
2;14;5;WHITE_WOOL;
2;14;6;WHITE_WOOL;
2;15;0;WHITE_WOOL;
2;15;1;WHITE_WOOL;
2;15;2;WHITE_WOOL;
2;15;3;WHITE_WOOL;
2;15;4;WHITE_WOOL;
2;15;5;WHITE_WOOL;
2;15;6;WHITE_WOOL;
2;16;0;WHITE_WOOL;
2;16;1;WHITE_WOOL;
2;16;2;WHITE_WOOL;
2;16;3;WHITE_WOOL;
2;16;4;WHITE_WOOL;
2;16;5;WHITE_WOOL;
2;16;6;WHITE_WOOL;
2;17;0;WHITE_WOOL;
2;17;1;WHITE_WOOL;
2;17;2;WHITE_WOOL;
2;17;3;WHITE_WOOL;
2;17;4;WHITE_WOOL;
2;17;5;WHITE_WOOL;
2;17;6;WHITE_WOOL;
2;18;0;WHITE_WOOL;
2;18;1;WHITE_WOOL;
2;18;2;WHITE_WOOL;
2;18;3;WHITE_WOOL;
2;18;4;WHITE_WOOL;
2;18;5;WHITE_WOOL;
2;18;6;WHITE_WOOL;
2;19;0;WHITE_WOOL;
2;19;1;WHITE_WOOL;
2;19;2;WHITE_WOOL;
2;19;3;WHITE_WOOL;
2;19;4;WHITE_WOOL;
2;19;5;WHITE_WOOL;
2;19;6;WHITE_WOOL;
2;20;0;WHITE_WOOL;
2;20;1;WHITE_WOOL;
2;20;2;WHITE_WOOL;
2;20;3;WHITE_WOOL;
2;20;4;WHITE_WOOL;
2;20;5;WHITE_WOOL;
2;20;6;WHITE_WOOL;
2;21;0;WHITE_WOOL;
2;21;1;WHITE_WOOL;
2;21;2;WHITE_WOOL;
2;21;3;WHITE_WOOL;
2;21;4;WHITE_WOOL;
2;21;5;WHITE_WOOL;
2;21;6;WHITE_WOOL;
2;22;0;LIGHT_BLUE_WOOL;
2;22;1;LIGHT_BLUE_WOOL;
2;22;2;LIGHT_BLUE_WOOL;
2;22;3;LIGHT_BLUE_WOOL;
2;22;4;LIGHT_BLUE_WOOL;
2;22;5;LIGHT_BLUE_WOOL;
2;22;6;LIGHT_BLUE_WOOL;
2;23;0;LIGHT_BLUE_WOOL;
2;23;1;LIGHT_BLUE_WOOL;
2;23;2;LIGHT_BLUE_WOOL;
2;23;3;LIGHT_BLUE_WOOL;
2;23;4;LIGHT_BLUE_WOOL;
2;23;5;LIGHT_BLUE_WOOL;
2;23;6;LIGHT_BLUE_WOOL;
2;24;0;LIGHT_BLUE_WOOL;
2;24;1;LIGHT_BLUE_WOOL;
2;24;2;LIGHT_BLUE_WOOL;
2;24;3;LIGHT_BLUE_WOOL;
2;24;4;LIGHT_BLUE_WOOL;
2;24;5;LIGHT_BLUE_WOOL;
2;24;6;LIGHT_BLUE_WOOL;
2;25;0;MAGENTA_WOOL;
2;25;1;MAGENTA_WOOL;
2;25;2;MAGENTA_WOOL;
2;25;3;MAGENTA_WOOL;
2;25;4;MAGENTA_WOOL;
2;25;5;MAGENTA_WOOL;
2;25;6;MAGENTA_WOOL;
2;26;0;MAGENTA_WOOL;
2;26;1;MAGENTA_WOOL;
2;26;2;MAGENTA_WOOL;
2;26;3;MAGENTA_WOOL;
2;26;4;MAGENTA_WOOL;
2;26;5;MAGENTA_WOOL;
2;26;6;MAGENTA_WOOL;
2;27;0;GOLD_BLOCK;
2;27;1;GOLD_BLOCK;
2;27;2;GOLD_BLOCK;
2;27;3;GOLD_BLOCK;
2;27;4;GOLD_BLOCK;
2;27;5;GOLD_BLOCK;
2;27;6;GOLD_BLOCK;
2;28;0;GOLD_BLOCK;
2;28;1;GOLD_BLOCK;
2;28;2;GOLD_BLOCK;
2;28;3;GOLD_BLOCK;
2;28;4;GOLD_BLOCK;
2;28;5;GOLD_BLOCK;
2;28;6;GOLD_BLOCK;
2;29;0;GOLD_BLOCK;
2;29;1;GOLD_BLOCK;
2;29;2;GOLD_BLOCK;
2;29;3;GOLD_BLOCK;
2;29;4;GOLD_BLOCK;
2;29;5;GOLD_BLOCK;
2;29;6;GOLD_BLOCK;
3;0;0;BLACK_TERRACOTTA;
3;0;1;BLACK_TERRACOTTA;
3;0;2;BLACK_TERRACOTTA;
3;0;3;BLACK_TERRACOTTA;
3;0;4;BLACK_TERRACOTTA;
3;0;5;BLACK_TERRACOTTA;
3;0;6;BLACK_TERRACOTTA;
3;1;0;BLACK_TERRACOTTA;
3;1;1;BLACK_TERRACOTTA;
3;1;2;BLACK_TERRACOTTA;
3;1;3;BLACK_TERRACOTTA;
3;1;4;BLACK_TERRACOTTA;
3;1;5;BLACK_TERRACOTTA;
3;1;6;BLACK_TERRACOTTA;
3;2;0;BLACK_TERRACOTTA;
3;2;1;BLACK_TERRACOTTA;
3;2;2;BLACK_TERRACOTTA;
3;2;3;BLACK_TERRACOTTA;
3;2;4;BLACK_TERRACOTTA;
3;2;5;BLACK_TERRACOTTA;
3;2;6;BLACK_TERRACOTTA;
3;3;0;BLACK_TERRACOTTA;
3;3;1;BLACK_TERRACOTTA;
3;3;2;BLACK_TERRACOTTA;
3;3;3;BLACK_TERRACOTTA;
3;3;4;BLACK_TERRACOTTA;
3;3;5;BLACK_TERRACOTTA;
3;3;6;BLACK_TERRACOTTA;
3;4;0;BLACK_TERRACOTTA;
3;4;1;BLACK_TERRACOTTA;
3;4;2;BLACK_TERRACOTTA;
3;4;3;BLACK_TERRACOTTA;
3;4;4;BLACK_TERRACOTTA;
3;4;5;BLACK_TERRACOTTA;
3;4;6;BLACK_TERRACOTTA;
3;5;0;BLACK_TERRACOTTA;
3;5;1;BLACK_TERRACOTTA;
3;5;2;BLACK_TERRACOTTA;
3;5;3;BLACK_TERRACOTTA;
3;5;4;BLACK_TERRACOTTA;
3;5;5;BLACK_TERRACOTTA;
3;5;6;BLACK_TERRACOTTA;
3;6;0;BLACK_TERRACOTTA;
3;6;1;BLACK_TERRACOTTA;
3;6;2;BLACK_TERRACOTTA;
3;6;3;BLACK_TERRACOTTA;
3;6;4;BLACK_TERRACOTTA;
3;6;5;BLACK_TERRACOTTA;
3;6;6;BLACK_TERRACOTTA;
3;7;0;BLACK_TERRACOTTA;
3;7;1;BLACK_TERRACOTTA;
3;7;2;BLACK_TERRACOTTA;
3;7;3;BLACK_TERRACOTTA;
3;7;4;BLACK_TERRACOTTA;
3;7;5;BLACK_TERRACOTTA;
3;7;6;BLACK_TERRACOTTA;
3;8;0;BLACK_TERRACOTTA;
3;8;1;BLACK_TERRACOTTA;
3;8;2;BLACK_TERRACOTTA;
3;8;3;BLACK_TERRACOTTA;
3;8;4;BLACK_TERRACOTTA;
3;8;5;BLACK_TERRACOTTA;
3;8;6;BLACK_TERRACOTTA;
3;9;0;BLACK_TERRACOTTA;
3;9;1;BLACK_TERRACOTTA;
3;9;2;BLACK_TERRACOTTA;
3;9;3;BLACK_TERRACOTTA;
3;9;4;BLACK_TERRACOTTA;
3;9;5;BLACK_TERRACOTTA;
3;9;6;BLACK_TERRACOTTA;
3;10;0;BLACK_TERRACOTTA;
3;10;1;BLACK_TERRACOTTA;
3;10;2;BLACK_TERRACOTTA;
3;10;3;BLACK_TERRACOTTA;
3;10;4;BLACK_TERRACOTTA;
3;10;5;BLACK_TERRACOTTA;
3;10;6;BLACK_TERRACOTTA;
3;11;0;BLACK_TERRACOTTA;
3;11;1;BLACK_TERRACOTTA;
3;11;2;BLACK_TERRACOTTA;
3;11;3;BLACK_TERRACOTTA;
3;11;4;BLACK_TERRACOTTA;
3;11;5;BLACK_TERRACOTTA;
3;11;6;BLACK_TERRACOTTA;
3;12;0;WHITE_WOOL;
3;12;1;WHITE_WOOL;
3;12;2;WHITE_WOOL;
3;12;3;WHITE_WOOL;
3;12;4;WHITE_WOOL;
3;12;5;WHITE_WOOL;
3;12;6;WHITE_WOOL;
3;13;0;WHITE_WOOL;
3;13;1;WHITE_WOOL;
3;13;2;WHITE_WOOL;
3;13;3;WHITE_WOOL;
3;13;4;WHITE_WOOL;
3;13;5;WHITE_WOOL;
3;13;6;WHITE_WOOL;
3;14;0;WHITE_WOOL;
3;14;1;WHITE_WOOL;
3;14;2;WHITE_WOOL;
3;14;3;WHITE_WOOL;
3;14;4;WHITE_WOOL;
3;14;5;WHITE_WOOL;
3;14;6;WHITE_WOOL;
3;15;0;WHITE_WOOL;
3;15;1;WHITE_WOOL;
3;15;2;WHITE_WOOL;
3;15;3;WHITE_WOOL;
3;15;4;WHITE_WOOL;
3;15;5;WHITE_WOOL;
3;15;6;WHITE_WOOL;
3;16;0;WHITE_WOOL;
3;16;1;WHITE_WOOL;
3;16;2;WHITE_WOOL;
3;16;3;WHITE_WOOL;
3;16;4;WHITE_WOOL;
3;16;5;WHITE_WOOL;
3;16;6;WHITE_WOOL;
3;17;0;WHITE_WOOL;
3;17;1;WHITE_WOOL;
3;17;2;WHITE_WOOL;
3;17;3;WHITE_WOOL;
3;17;4;WHITE_WOOL;
3;17;5;WHITE_WOOL;
3;17;6;WHITE_WOOL;
3;18;0;WHITE_WOOL;
3;18;1;WHITE_WOOL;
3;18;2;WHITE_WOOL;
3;18;3;WHITE_WOOL;
3;18;4;WHITE_WOOL;
3;18;5;WHITE_WOOL;
3;18;6;WHITE_WOOL;
3;19;0;WHITE_WOOL;
3;19;1;WHITE_WOOL;
3;19;2;WHITE_WOOL;
3;19;3;WHITE_WOOL;
3;19;4;WHITE_WOOL;
3;19;5;WHITE_WOOL;
3;19;6;WHITE_WOOL;
3;20;0;WHITE_WOOL;
3;20;1;WHITE_WOOL;
3;20;2;WHITE_WOOL;
3;20;3;WHITE_WOOL;
3;20;4;WHITE_WOOL;
3;20;5;WHITE_WOOL;
3;20;6;WHITE_WOOL;
3;21;0;WHITE_WOOL;
3;21;1;WHITE_WOOL;
3;21;2;WHITE_WOOL;
3;21;3;WHITE_WOOL;
3;21;4;WHITE_WOOL;
3;21;5;WHITE_WOOL;
3;21;6;WHITE_WOOL;
3;22;0;LIGHT_BLUE_WOOL;
3;22;1;LIGHT_BLUE_WOOL;
3;22;2;LIGHT_BLUE_WOOL;
3;22;3;LIGHT_BLUE_WOOL;
3;22;4;LIGHT_BLUE_WOOL;
3;22;5;LIGHT_BLUE_WOOL;
3;22;6;LIGHT_BLUE_WOOL;
3;23;0;LIGHT_BLUE_WOOL;
3;23;1;LIGHT_BLUE_WOOL;
3;23;2;LIGHT_BLUE_WOOL;
3;23;3;LIGHT_BLUE_WOOL;
3;23;4;LIGHT_BLUE_WOOL;
3;23;5;LIGHT_BLUE_WOOL;
3;23;6;LIGHT_BLUE_WOOL;
3;24;0;LIGHT_BLUE_WOOL;
3;24;1;LIGHT_BLUE_WOOL;
3;24;2;LIGHT_BLUE_WOOL;
3;24;3;LIGHT_BLUE_WOOL;
3;24;4;LIGHT_BLUE_WOOL;
3;24;5;LIGHT_BLUE_WOOL;
3;24;6;LIGHT_BLUE_WOOL;
3;25;0;MAGENTA_WOOL;
3;25;1;MAGENTA_WOOL;
3;25;2;MAGENTA_WOOL;
3;25;3;MAGENTA_WOOL;
3;25;4;MAGENTA_WOOL;
3;25;5;MAGENTA_WOOL;
3;25;6;MAGENTA_WOOL;
3;26;0;MAGENTA_WOOL;
3;26;1;MAGENTA_WOOL;
3;26;2;MAGENTA_WOOL;
3;26;3;MAGENTA_WOOL;
3;26;4;MAGENTA_WOOL;
3;26;5;MAGENTA_WOOL;
3;26;6;MAGENTA_WOOL;
3;27;0;GOLD_BLOCK;
3;27;1;GOLD_BLOCK;
3;27;2;GOLD_BLOCK;
3;27;3;GOLD_BLOCK;
3;27;4;GOLD_BLOCK;
3;27;5;GOLD_BLOCK;
3;27;6;GOLD_BLOCK;
3;28;0;GOLD_BLOCK;
3;28;1;GOLD_BLOCK;
3;28;2;GOLD_BLOCK;
3;28;3;GOLD_BLOCK;
3;28;4;GOLD_BLOCK;
3;28;5;GOLD_BLOCK;
3;28;6;GOLD_BLOCK;
3;29;0;GOLD_BLOCK;
3;29;1;GOLD_BLOCK;
3;29;2;GOLD_BLOCK;
3;29;3;GOLD_BLOCK;
3;29;4;GOLD_BLOCK;
3;29;5;GOLD_BLOCK;
3;29;6;GOLD_BLOCK;
4;0;0;BLACK_TERRACOTTA;
4;0;1;BLACK_TERRACOTTA;
4;0;2;BLACK_TERRACOTTA;
4;0;3;BLACK_TERRACOTTA;
4;0;4;BLACK_TERRACOTTA;
4;0;5;BLACK_TERRACOTTA;
4;0;6;BLACK_TERRACOTTA;
4;1;0;BLACK_TERRACOTTA;
4;1;1;BLACK_TERRACOTTA;
4;1;2;BLACK_TERRACOTTA;
4;1;3;BLACK_TERRACOTTA;
4;1;4;BLACK_TERRACOTTA;
4;1;5;BLACK_TERRACOTTA;
4;1;6;BLACK_TERRACOTTA;
4;2;0;BLACK_TERRACOTTA;
4;2;1;BLACK_TERRACOTTA;
4;2;2;BLACK_TERRACOTTA;
4;2;3;BLACK_TERRACOTTA;
4;2;4;BLACK_TERRACOTTA;
4;2;5;BLACK_TERRACOTTA;
4;2;6;BLACK_TERRACOTTA;
4;3;0;BLACK_TERRACOTTA;
4;3;1;BLACK_TERRACOTTA;
4;3;2;BLACK_TERRACOTTA;
4;3;3;BLACK_TERRACOTTA;
4;3;4;BLACK_TERRACOTTA;
4;3;5;BLACK_TERRACOTTA;
4;3;6;BLACK_TERRACOTTA;
4;4;0;BLACK_TERRACOTTA;
4;4;1;BLACK_TERRACOTTA;
4;4;2;BLACK_TERRACOTTA;
4;4;3;BLACK_TERRACOTTA;
4;4;4;BLACK_TERRACOTTA;
4;4;5;BLACK_TERRACOTTA;
4;4;6;BLACK_TERRACOTTA;
4;5;0;BLACK_TERRACOTTA;
4;5;1;BLACK_TERRACOTTA;
4;5;2;BLACK_TERRACOTTA;
4;5;3;BLACK_TERRACOTTA;
4;5;4;BLACK_TERRACOTTA;
4;5;5;BLACK_TERRACOTTA;
4;5;6;BLACK_TERRACOTTA;
4;6;0;BLACK_TERRACOTTA;
4;6;1;BLACK_TERRACOTTA;
4;6;2;BLACK_TERRACOTTA;
4;6;3;BLACK_TERRACOTTA;
4;6;4;BLACK_TERRACOTTA;
4;6;5;BLACK_TERRACOTTA;
4;6;6;BLACK_TERRACOTTA;
4;7;0;BLACK_TERRACOTTA;
4;7;1;BLACK_TERRACOTTA;
4;7;2;BLACK_TERRACOTTA;
4;7;3;BLACK_TERRACOTTA;
4;7;4;BLACK_TERRACOTTA;
4;7;5;BLACK_TERRACOTTA;
4;7;6;BLACK_TERRACOTTA;
4;8;0;BLACK_TERRACOTTA;
4;8;1;BLACK_TERRACOTTA;
4;8;2;BLACK_TERRACOTTA;
4;8;3;BLACK_TERRACOTTA;
4;8;4;BLACK_TERRACOTTA;
4;8;5;BLACK_TERRACOTTA;
4;8;6;BLACK_TERRACOTTA;
4;9;0;BLACK_TERRACOTTA;
4;9;1;BLACK_TERRACOTTA;
4;9;2;BLACK_TERRACOTTA;
4;9;3;BLACK_TERRACOTTA;
4;9;4;BLACK_TERRACOTTA;
4;9;5;BLACK_TERRACOTTA;
4;9;6;BLACK_TERRACOTTA;
4;10;0;BLACK_TERRACOTTA;
4;10;1;BLACK_TERRACOTTA;
4;10;2;BLACK_TERRACOTTA;
4;10;3;BLACK_TERRACOTTA;
4;10;4;BLACK_TERRACOTTA;
4;10;5;BLACK_TERRACOTTA;
4;10;6;BLACK_TERRACOTTA;
4;11;0;BLACK_TERRACOTTA;
4;11;1;BLACK_TERRACOTTA;
4;11;2;BLACK_TERRACOTTA;
4;11;3;BLACK_TERRACOTTA;
4;11;4;BLACK_TERRACOTTA;
4;11;5;BLACK_TERRACOTTA;
4;11;6;BLACK_TERRACOTTA;
4;12;0;WHITE_WOOL;
4;12;1;WHITE_WOOL;
4;12;2;WHITE_WOOL;
4;12;3;WHITE_WOOL;
4;12;4;WHITE_WOOL;
4;12;5;WHITE_WOOL;
4;12;6;WHITE_WOOL;
4;13;0;WHITE_WOOL;
4;13;1;WHITE_WOOL;
4;13;2;WHITE_WOOL;
4;13;3;WHITE_WOOL;
4;13;4;WHITE_WOOL;
4;13;5;WHITE_WOOL;
4;13;6;WHITE_WOOL;
4;14;0;WHITE_WOOL;
4;14;1;WHITE_WOOL;
4;14;2;WHITE_WOOL;
4;14;3;WHITE_WOOL;
4;14;4;WHITE_WOOL;
4;14;5;WHITE_WOOL;
4;14;6;WHITE_WOOL;
4;15;0;WHITE_WOOL;
4;15;1;WHITE_WOOL;
4;15;2;WHITE_WOOL;
4;15;3;WHITE_WOOL;
4;15;4;WHITE_WOOL;
4;15;5;WHITE_WOOL;
4;15;6;WHITE_WOOL;
4;16;0;WHITE_WOOL;
4;16;1;WHITE_WOOL;
4;16;2;WHITE_WOOL;
4;16;3;WHITE_WOOL;
4;16;4;WHITE_WOOL;
4;16;5;WHITE_WOOL;
4;16;6;WHITE_WOOL;
4;17;0;WHITE_WOOL;
4;17;1;WHITE_WOOL;
4;17;2;WHITE_WOOL;
4;17;3;WHITE_WOOL;
4;17;4;WHITE_WOOL;
4;17;5;WHITE_WOOL;
4;17;6;WHITE_WOOL;
4;18;0;WHITE_WOOL;
4;18;1;WHITE_WOOL;
4;18;2;WHITE_WOOL;
4;18;3;WHITE_WOOL;
4;18;4;WHITE_WOOL;
4;18;5;WHITE_WOOL;
4;18;6;WHITE_WOOL;
4;19;0;WHITE_WOOL;
4;19;1;WHITE_WOOL;
4;19;2;WHITE_WOOL;
4;19;3;WHITE_WOOL;
4;19;4;WHITE_WOOL;
4;19;5;WHITE_WOOL;
4;19;6;WHITE_WOOL;
4;20;0;WHITE_WOOL;
4;20;1;WHITE_WOOL;
4;20;2;WHITE_WOOL;
4;20;3;WHITE_WOOL;
4;20;4;WHITE_WOOL;
4;20;5;WHITE_WOOL;
4;20;6;WHITE_WOOL;
4;21;0;WHITE_WOOL;
4;21;1;WHITE_WOOL;
4;21;2;WHITE_WOOL;
4;21;3;WHITE_WOOL;
4;21;4;WHITE_WOOL;
4;21;5;WHITE_WOOL;
4;21;6;WHITE_WOOL;
4;22;0;LIGHT_BLUE_WOOL;
4;22;1;LIGHT_BLUE_WOOL;
4;22;2;LIGHT_BLUE_WOOL;
4;22;3;LIGHT_BLUE_WOOL;
4;22;4;LIGHT_BLUE_WOOL;
4;22;5;LIGHT_BLUE_WOOL;
4;22;6;LIGHT_BLUE_WOOL;
4;23;0;LIGHT_BLUE_WOOL;
4;23;1;LIGHT_BLUE_WOOL;
4;23;2;LIGHT_BLUE_WOOL;
4;23;3;LIGHT_BLUE_WOOL;
4;23;4;LIGHT_BLUE_WOOL;
4;23;5;LIGHT_BLUE_WOOL;
4;23;6;LIGHT_BLUE_WOOL;
4;24;0;LIGHT_BLUE_WOOL;
4;24;1;LIGHT_BLUE_WOOL;
4;24;2;LIGHT_BLUE_WOOL;
4;24;3;LIGHT_BLUE_WOOL;
4;24;4;LIGHT_BLUE_WOOL;
4;24;5;LIGHT_BLUE_WOOL;
4;24;6;LIGHT_BLUE_WOOL;
4;25;0;MAGENTA_WOOL;
4;25;1;MAGENTA_WOOL;
4;25;2;MAGENTA_WOOL;
4;25;3;MAGENTA_WOOL;
4;25;4;MAGENTA_WOOL;
4;25;5;MAGENTA_WOOL;
4;25;6;MAGENTA_WOOL;
4;26;0;MAGENTA_WOOL;
4;26;1;MAGENTA_WOOL;
4;26;2;MAGENTA_WOOL;
4;26;3;MAGENTA_WOOL;
4;26;4;MAGENTA_WOOL;
4;26;5;MAGENTA_WOOL;
4;26;6;MAGENTA_WOOL;
4;27;0;GOLD_BLOCK;
4;27;1;GOLD_BLOCK;
4;27;2;GOLD_BLOCK;
4;27;3;GOLD_BLOCK;
4;27;4;GOLD_BLOCK;
4;27;5;GOLD_BLOCK;
4;27;6;GOLD_BLOCK;
4;28;0;GOLD_BLOCK;
4;28;1;GOLD_BLOCK;
4;28;2;GOLD_BLOCK;
4;28;3;GOLD_BLOCK;
4;28;4;GOLD_BLOCK;
4;28;5;GOLD_BLOCK;
4;28;6;GOLD_BLOCK;
4;29;0;GOLD_BLOCK;
4;29;1;GOLD_BLOCK;
4;29;2;GOLD_BLOCK;
4;29;3;GOLD_BLOCK;
4;29;4;GOLD_BLOCK;
4;29;5;GOLD_BLOCK;
4;29;6;GOLD_BLOCK;
5;0;0;BLACK_TERRACOTTA;
5;0;1;BLACK_TERRACOTTA;
5;0;2;BLACK_TERRACOTTA;
5;0;3;BLACK_TERRACOTTA;
5;0;4;BLACK_TERRACOTTA;
5;0;5;BLACK_TERRACOTTA;
5;0;6;BLACK_TERRACOTTA;
5;1;0;BLACK_TERRACOTTA;
5;1;1;BLACK_TERRACOTTA;
5;1;2;BLACK_TERRACOTTA;
5;1;3;BLACK_TERRACOTTA;
5;1;4;BLACK_TERRACOTTA;
5;1;5;BLACK_TERRACOTTA;
5;1;6;BLACK_TERRACOTTA;
5;2;0;BLACK_TERRACOTTA;
5;2;1;BLACK_TERRACOTTA;
5;2;2;BLACK_TERRACOTTA;
5;2;3;BLACK_TERRACOTTA;
5;2;4;BLACK_TERRACOTTA;
5;2;5;BLACK_TERRACOTTA;
5;2;6;BLACK_TERRACOTTA;
5;3;0;BLACK_TERRACOTTA;
5;3;1;BLACK_TERRACOTTA;
5;3;2;BLACK_TERRACOTTA;
5;3;3;BLACK_TERRACOTTA;
5;3;4;BLACK_TERRACOTTA;
5;3;5;BLACK_TERRACOTTA;
5;3;6;BLACK_TERRACOTTA;
5;4;0;BLACK_TERRACOTTA;
5;4;1;BLACK_TERRACOTTA;
5;4;2;BLACK_TERRACOTTA;
5;4;3;BLACK_TERRACOTTA;
5;4;4;BLACK_TERRACOTTA;
5;4;5;BLACK_TERRACOTTA;
5;4;6;BLACK_TERRACOTTA;
5;5;0;BLACK_TERRACOTTA;
5;5;1;BLACK_TERRACOTTA;
5;5;2;BLACK_TERRACOTTA;
5;5;3;BLACK_TERRACOTTA;
5;5;4;BLACK_TERRACOTTA;
5;5;5;BLACK_TERRACOTTA;
5;5;6;BLACK_TERRACOTTA;
5;6;0;BLACK_TERRACOTTA;
5;6;1;BLACK_TERRACOTTA;
5;6;2;BLACK_TERRACOTTA;
5;6;3;BLACK_TERRACOTTA;
5;6;4;BLACK_TERRACOTTA;
5;6;5;BLACK_TERRACOTTA;
5;6;6;BLACK_TERRACOTTA;
5;7;0;BLACK_TERRACOTTA;
5;7;1;BLACK_TERRACOTTA;
5;7;2;BLACK_TERRACOTTA;
5;7;3;BLACK_TERRACOTTA;
5;7;4;BLACK_TERRACOTTA;
5;7;5;BLACK_TERRACOTTA;
5;7;6;BLACK_TERRACOTTA;
5;8;0;BLACK_TERRACOTTA;
5;8;1;BLACK_TERRACOTTA;
5;8;2;BLACK_TERRACOTTA;
5;8;3;BLACK_TERRACOTTA;
5;8;4;BLACK_TERRACOTTA;
5;8;5;BLACK_TERRACOTTA;
5;8;6;BLACK_TERRACOTTA;
5;9;0;BLACK_TERRACOTTA;
5;9;1;BLACK_TERRACOTTA;
5;9;2;BLACK_TERRACOTTA;
5;9;3;BLACK_TERRACOTTA;
5;9;4;BLACK_TERRACOTTA;
5;9;5;BLACK_TERRACOTTA;
5;9;6;BLACK_TERRACOTTA;
5;10;0;BLACK_TERRACOTTA;
5;10;1;BLACK_TERRACOTTA;
5;10;2;BLACK_TERRACOTTA;
5;10;3;BLACK_TERRACOTTA;
5;10;4;BLACK_TERRACOTTA;
5;10;5;BLACK_TERRACOTTA;
5;10;6;BLACK_TERRACOTTA;
5;11;0;BLACK_TERRACOTTA;
5;11;1;BLACK_TERRACOTTA;
5;11;2;BLACK_TERRACOTTA;
5;11;3;BLACK_TERRACOTTA;
5;11;4;BLACK_TERRACOTTA;
5;11;5;BLACK_TERRACOTTA;
5;11;6;BLACK_TERRACOTTA;
5;12;0;WHITE_WOOL;
5;12;1;WHITE_WOOL;
5;12;2;WHITE_WOOL;
5;12;3;WHITE_WOOL;
5;12;4;WHITE_WOOL;
5;12;5;WHITE_WOOL;
5;12;6;WHITE_WOOL;
5;13;0;WHITE_WOOL;
5;13;1;WHITE_WOOL;
5;13;2;WHITE_WOOL;
5;13;3;WHITE_WOOL;
5;13;4;WHITE_WOOL;
5;13;5;WHITE_WOOL;
5;13;6;WHITE_WOOL;
5;14;0;WHITE_WOOL;
5;14;1;WHITE_WOOL;
5;14;2;WHITE_WOOL;
5;14;3;WHITE_WOOL;
5;14;4;WHITE_WOOL;
5;14;5;WHITE_WOOL;
5;14;6;WHITE_WOOL;
5;15;0;WHITE_WOOL;
5;15;1;WHITE_WOOL;
5;15;2;WHITE_WOOL;
5;15;3;WHITE_WOOL;
5;15;4;WHITE_WOOL;
5;15;5;WHITE_WOOL;
5;15;6;WHITE_WOOL;
5;16;0;WHITE_WOOL;
5;16;1;WHITE_WOOL;
5;16;2;WHITE_WOOL;
5;16;3;WHITE_WOOL;
5;16;4;WHITE_WOOL;
5;16;5;WHITE_WOOL;
5;16;6;WHITE_WOOL;
5;17;0;WHITE_WOOL;
5;17;1;WHITE_WOOL;
5;17;2;WHITE_WOOL;
5;17;3;WHITE_WOOL;
5;17;4;WHITE_WOOL;
5;17;5;WHITE_WOOL;
5;17;6;WHITE_WOOL;
5;18;0;WHITE_WOOL;
5;18;1;WHITE_WOOL;
5;18;2;WHITE_WOOL;
5;18;3;WHITE_WOOL;
5;18;4;WHITE_WOOL;
5;18;5;WHITE_WOOL;
5;18;6;WHITE_WOOL;
5;19;0;WHITE_WOOL;
5;19;1;WHITE_WOOL;
5;19;2;WHITE_WOOL;
5;19;3;WHITE_WOOL;
5;19;4;WHITE_WOOL;
5;19;5;WHITE_WOOL;
5;19;6;WHITE_WOOL;
5;20;0;WHITE_WOOL;
5;20;1;WHITE_WOOL;
5;20;2;WHITE_WOOL;
5;20;3;WHITE_WOOL;
5;20;4;WHITE_WOOL;
5;20;5;WHITE_WOOL;
5;20;6;WHITE_WOOL;
5;21;0;WHITE_WOOL;
5;21;1;WHITE_WOOL;
5;21;2;WHITE_WOOL;
5;21;3;WHITE_WOOL;
5;21;4;WHITE_WOOL;
5;21;5;WHITE_WOOL;
5;21;6;WHITE_WOOL;
5;22;0;LIGHT_BLUE_WOOL;
5;22;1;LIGHT_BLUE_WOOL;
5;22;2;LIGHT_BLUE_WOOL;
5;22;3;LIGHT_BLUE_WOOL;
5;22;4;LIGHT_BLUE_WOOL;
5;22;5;LIGHT_BLUE_WOOL;
5;22;6;LIGHT_BLUE_WOOL;
5;23;0;LIGHT_BLUE_WOOL;
5;23;1;LIGHT_BLUE_WOOL;
5;23;2;LIGHT_BLUE_WOOL;
5;23;3;LIGHT_BLUE_WOOL;
5;23;4;LIGHT_BLUE_WOOL;
5;23;5;LIGHT_BLUE_WOOL;
5;23;6;LIGHT_BLUE_WOOL;
5;24;0;LIGHT_BLUE_WOOL;
5;24;1;LIGHT_BLUE_WOOL;
5;24;2;LIGHT_BLUE_WOOL;
5;24;3;LIGHT_BLUE_WOOL;
5;24;4;LIGHT_BLUE_WOOL;
5;24;5;LIGHT_BLUE_WOOL;
5;24;6;LIGHT_BLUE_WOOL;
5;25;0;MAGENTA_WOOL;
5;25;1;MAGENTA_WOOL;
5;25;2;MAGENTA_WOOL;
5;25;3;MAGENTA_WOOL;
5;25;4;MAGENTA_WOOL;
5;25;5;MAGENTA_WOOL;
5;25;6;MAGENTA_WOOL;
5;26;0;MAGENTA_WOOL;
5;26;1;MAGENTA_WOOL;
5;26;2;MAGENTA_WOOL;
5;26;3;MAGENTA_WOOL;
5;26;4;MAGENTA_WOOL;
5;26;5;MAGENTA_WOOL;
5;26;6;MAGENTA_WOOL;
5;27;0;GOLD_BLOCK;
5;27;1;GOLD_BLOCK;
5;27;2;GOLD_BLOCK;
5;27;3;GOLD_BLOCK;
5;27;4;GOLD_BLOCK;
5;27;5;GOLD_BLOCK;
5;27;6;GOLD_BLOCK;
5;28;0;GOLD_BLOCK;
5;28;1;GOLD_BLOCK;
5;28;2;GOLD_BLOCK;
5;28;3;GOLD_BLOCK;
5;28;4;GOLD_BLOCK;
5;28;5;GOLD_BLOCK;
5;28;6;GOLD_BLOCK;
5;29;0;GOLD_BLOCK;
5;29;1;GOLD_BLOCK;
5;29;2;GOLD_BLOCK;
5;29;3;GOLD_BLOCK;
5;29;4;GOLD_BLOCK;
5;29;5;GOLD_BLOCK;
5;29;6;GOLD_BLOCK;
6;0;0;BLACK_TERRACOTTA;
6;0;1;BLACK_TERRACOTTA;
6;0;2;BLACK_TERRACOTTA;
6;0;3;BLACK_TERRACOTTA;
6;0;4;BLACK_TERRACOTTA;
6;0;5;BLACK_TERRACOTTA;
6;0;6;BLACK_TERRACOTTA;
6;1;0;BLACK_TERRACOTTA;
6;1;1;BLACK_TERRACOTTA;
6;1;2;BLACK_TERRACOTTA;
6;1;3;BLACK_TERRACOTTA;
6;1;4;BLACK_TERRACOTTA;
6;1;5;BLACK_TERRACOTTA;
6;1;6;BLACK_TERRACOTTA;
6;2;0;BLACK_TERRACOTTA;
6;2;1;BLACK_TERRACOTTA;
6;2;2;BLACK_TERRACOTTA;
6;2;3;BLACK_TERRACOTTA;
6;2;4;BLACK_TERRACOTTA;
6;2;5;BLACK_TERRACOTTA;
6;2;6;BLACK_TERRACOTTA;
6;3;0;BLACK_TERRACOTTA;
6;3;1;BLACK_TERRACOTTA;
6;3;2;BLACK_TERRACOTTA;
6;3;3;BLACK_TERRACOTTA;
6;3;4;BLACK_TERRACOTTA;
6;3;5;BLACK_TERRACOTTA;
6;3;6;BLACK_TERRACOTTA;
6;4;0;BLACK_TERRACOTTA;
6;4;1;BLACK_TERRACOTTA;
6;4;2;BLACK_TERRACOTTA;
6;4;3;BLACK_TERRACOTTA;
6;4;4;BLACK_TERRACOTTA;
6;4;5;BLACK_TERRACOTTA;
6;4;6;BLACK_TERRACOTTA;
6;5;0;BLACK_TERRACOTTA;
6;5;1;BLACK_TERRACOTTA;
6;5;2;BLACK_TERRACOTTA;
6;5;3;BLACK_TERRACOTTA;
6;5;4;BLACK_TERRACOTTA;
6;5;5;BLACK_TERRACOTTA;
6;5;6;BLACK_TERRACOTTA;
6;6;0;BLACK_TERRACOTTA;
6;6;1;BLACK_TERRACOTTA;
6;6;2;BLACK_TERRACOTTA;
6;6;3;BLACK_TERRACOTTA;
6;6;4;BLACK_TERRACOTTA;
6;6;5;BLACK_TERRACOTTA;
6;6;6;BLACK_TERRACOTTA;
6;7;0;BLACK_TERRACOTTA;
6;7;1;BLACK_TERRACOTTA;
6;7;2;BLACK_TERRACOTTA;
6;7;3;BLACK_TERRACOTTA;
6;7;4;BLACK_TERRACOTTA;
6;7;5;BLACK_TERRACOTTA;
6;7;6;BLACK_TERRACOTTA;
6;8;0;BLACK_TERRACOTTA;
6;8;1;BLACK_TERRACOTTA;
6;8;2;BLACK_TERRACOTTA;
6;8;3;BLACK_TERRACOTTA;
6;8;4;BLACK_TERRACOTTA;
6;8;5;BLACK_TERRACOTTA;
6;8;6;BLACK_TERRACOTTA;
6;9;0;BLACK_TERRACOTTA;
6;9;1;BLACK_TERRACOTTA;
6;9;2;BLACK_TERRACOTTA;
6;9;3;BLACK_TERRACOTTA;
6;9;4;BLACK_TERRACOTTA;
6;9;5;BLACK_TERRACOTTA;
6;9;6;BLACK_TERRACOTTA;
6;10;0;BLACK_TERRACOTTA;
6;10;1;BLACK_TERRACOTTA;
6;10;2;BLACK_TERRACOTTA;
6;10;3;BLACK_TERRACOTTA;
6;10;4;BLACK_TERRACOTTA;
6;10;5;BLACK_TERRACOTTA;
6;10;6;BLACK_TERRACOTTA;
6;11;0;BLACK_TERRACOTTA;
6;11;1;BLACK_TERRACOTTA;
6;11;2;BLACK_TERRACOTTA;
6;11;3;BLACK_TERRACOTTA;
6;11;4;BLACK_TERRACOTTA;
6;11;5;BLACK_TERRACOTTA;
6;11;6;BLACK_TERRACOTTA;
6;12;0;WHITE_WOOL;
6;12;1;WHITE_WOOL;
6;12;2;WHITE_WOOL;
6;12;3;WHITE_WOOL;
6;12;4;WHITE_WOOL;
6;12;5;WHITE_WOOL;
6;12;6;WHITE_WOOL;
6;13;0;WHITE_WOOL;
6;13;1;WHITE_WOOL;
6;13;2;WHITE_WOOL;
6;13;3;WHITE_WOOL;
6;13;4;WHITE_WOOL;
6;13;5;WHITE_WOOL;
6;13;6;WHITE_WOOL;
6;14;0;WHITE_WOOL;
6;14;1;WHITE_WOOL;
6;14;2;WHITE_WOOL;
6;14;3;WHITE_WOOL;
6;14;4;WHITE_WOOL;
6;14;5;WHITE_WOOL;
6;14;6;WHITE_WOOL;
6;15;0;WHITE_WOOL;
6;15;1;WHITE_WOOL;
6;15;2;WHITE_WOOL;
6;15;3;WHITE_WOOL;
6;15;4;WHITE_WOOL;
6;15;5;WHITE_WOOL;
6;15;6;WHITE_WOOL;
6;16;0;WHITE_WOOL;
6;16;1;WHITE_WOOL;
6;16;2;WHITE_WOOL;
6;16;3;WHITE_WOOL;
6;16;4;WHITE_WOOL;
6;16;5;WHITE_WOOL;
6;16;6;WHITE_WOOL;
6;17;0;WHITE_WOOL;
6;17;1;WHITE_WOOL;
6;17;2;WHITE_WOOL;
6;17;3;WHITE_WOOL;
6;17;4;WHITE_WOOL;
6;17;5;WHITE_WOOL;
6;17;6;WHITE_WOOL;
6;18;0;WHITE_WOOL;
6;18;1;WHITE_WOOL;
6;18;2;WHITE_WOOL;
6;18;3;WHITE_WOOL;
6;18;4;WHITE_WOOL;
6;18;5;WHITE_WOOL;
6;18;6;WHITE_WOOL;
6;19;0;WHITE_WOOL;
6;19;1;WHITE_WOOL;
6;19;2;WHITE_WOOL;
6;19;3;WHITE_WOOL;
6;19;4;WHITE_WOOL;
6;19;5;WHITE_WOOL;
6;19;6;WHITE_WOOL;
6;20;0;WHITE_WOOL;
6;20;1;WHITE_WOOL;
6;20;2;WHITE_WOOL;
6;20;3;WHITE_WOOL;
6;20;4;WHITE_WOOL;
6;20;5;WHITE_WOOL;
6;20;6;WHITE_WOOL;
6;21;0;WHITE_WOOL;
6;21;1;WHITE_WOOL;
6;21;2;WHITE_WOOL;
6;21;3;WHITE_WOOL;
6;21;4;WHITE_WOOL;
6;21;5;WHITE_WOOL;
6;21;6;WHITE_WOOL;
6;22;0;LIGHT_BLUE_WOOL;
6;22;1;LIGHT_BLUE_WOOL;
6;22;2;LIGHT_BLUE_WOOL;
6;22;3;LIGHT_BLUE_WOOL;
6;22;4;LIGHT_BLUE_WOOL;
6;22;5;LIGHT_BLUE_WOOL;
6;22;6;LIGHT_BLUE_WOOL;
6;23;0;LIGHT_BLUE_WOOL;
6;23;1;LIGHT_BLUE_WOOL;
6;23;2;LIGHT_BLUE_WOOL;
6;23;3;LIGHT_BLUE_WOOL;
6;23;4;LIGHT_BLUE_WOOL;
6;23;5;LIGHT_BLUE_WOOL;
6;23;6;LIGHT_BLUE_WOOL;
6;24;0;LIGHT_BLUE_WOOL;
6;24;1;LIGHT_BLUE_WOOL;
6;24;2;LIGHT_BLUE_WOOL;
6;24;3;LIGHT_BLUE_WOOL;
6;24;4;LIGHT_BLUE_WOOL;
6;24;5;LIGHT_BLUE_WOOL;
6;24;6;LIGHT_BLUE_WOOL;
6;25;0;MAGENTA_WOOL;
6;25;1;MAGENTA_WOOL;
6;25;2;MAGENTA_WOOL;
6;25;3;MAGENTA_WOOL;
6;25;4;MAGENTA_WOOL;
6;25;5;MAGENTA_WOOL;
6;25;6;MAGENTA_WOOL;
6;26;0;MAGENTA_WOOL;
6;26;1;MAGENTA_WOOL;
6;26;2;MAGENTA_WOOL;
6;26;3;MAGENTA_WOOL;
6;26;4;MAGENTA_WOOL;
6;26;5;MAGENTA_WOOL;
6;26;6;MAGENTA_WOOL;
6;27;0;GOLD_BLOCK;
6;27;1;GOLD_BLOCK;
6;27;2;GOLD_BLOCK;
6;27;3;GOLD_BLOCK;
6;27;4;GOLD_BLOCK;
6;27;5;GOLD_BLOCK;
6;27;6;GOLD_BLOCK;
6;28;0;GOLD_BLOCK;
6;28;1;GOLD_BLOCK;
6;28;2;GOLD_BLOCK;
6;28;3;GOLD_BLOCK;
6;28;4;GOLD_BLOCK;
6;28;5;GOLD_BLOCK;
6;28;6;GOLD_BLOCK;
6;29;0;GOLD_BLOCK;
6;29;1;GOLD_BLOCK;
6;29;2;GOLD_BLOCK;
6;29;3;GOLD_BLOCK;
6;29;4;GOLD_BLOCK;
6;29;5;GOLD_BLOCK;
6;29;6;GOLD_BLOCK;
