101;173;57;LIGHT_GRAY_WOOL;
101;173;58;LIGHT_GRAY_WOOL;
101;173;59;LIGHT_GRAY_WOOL;
101;173;60;LIGHT_GRAY_WOOL;
101;173;61;LIGHT_GRAY_WOOL;
101;173;62;LIGHT_GRAY_WOOL;
101;173;63;LIGHT_GRAY_WOOL;
101;174;57;LIGHT_GRAY_WOOL;
101;174;58;LIGHT_GRAY_WOOL;
101;174;59;LIGHT_GRAY_WOOL;
101;174;60;LIGHT_GRAY_WOOL;
101;174;61;LIGHT_GRAY_WOOL;
101;174;62;LIGHT_GRAY_WOOL;
101;174;63;LIGHT_GRAY_WOOL;
101;175;57;LIGHT_GRAY_WOOL;
101;175;58;LIGHT_GRAY_WOOL;
101;175;59;LIGHT_GRAY_WOOL;
101;175;60;LIGHT_GRAY_WOOL;
101;175;61;LIGHT_GRAY_WOOL;
101;175;62;LIGHT_GRAY_WOOL;
101;175;63;LIGHT_GRAY_WOOL;
101;176;57;LIGHT_GRAY_WOOL;
101;176;58;LIGHT_GRAY_WOOL;
101;176;59;LIGHT_GRAY_WOOL;
101;176;60;LIGHT_GRAY_WOOL;
101;176;61;LIGHT_GRAY_WOOL;
101;176;62;LIGHT_GRAY_WOOL;
101;176;63;LIGHT_GRAY_WOOL;
101;177;57;LIGHT_GRAY_WOOL;
101;177;58;LIGHT_GRAY_WOOL;
101;177;59;LIGHT_GRAY_WOOL;
101;177;60;LIGHT_GRAY_WOOL;
101;177;61;LIGHT_GRAY_WOOL;
101;177;62;LIGHT_GRAY_WOOL;
101;177;63;LIGHT_GRAY_WOOL;
101;178;57;LIGHT_GRAY_WOOL;
101;178;58;LIGHT_GRAY_WOOL;
101;178;59;LIGHT_GRAY_WOOL;
101;178;60;LIGHT_GRAY_WOOL;
101;178;61;LIGHT_GRAY_WOOL;
101;178;62;LIGHT_GRAY_WOOL;
101;178;63;LIGHT_GRAY_WOOL;
101;179;57;LIGHT_GRAY_WOOL;
101;179;58;LIGHT_GRAY_WOOL;
101;179;59;LIGHT_GRAY_WOOL;
101;179;60;LIGHT_GRAY_WOOL;
101;179;61;LIGHT_GRAY_WOOL;
101;179;62;LIGHT_GRAY_WOOL;
101;179;63;LIGHT_GRAY_WOOL;
101;180;57;LIGHT_GRAY_WOOL;
101;180;58;LIGHT_GRAY_WOOL;
101;180;59;LIGHT_GRAY_WOOL;
101;180;60;LIGHT_GRAY_WOOL;
101;180;61;LIGHT_GRAY_WOOL;
101;180;62;LIGHT_GRAY_WOOL;
101;180;63;LIGHT_GRAY_WOOL;
101;181;57;LIGHT_GRAY_WOOL;
101;181;58;LIGHT_GRAY_WOOL;
101;181;59;LIGHT_GRAY_WOOL;
101;181;60;LIGHT_GRAY_WOOL;
101;181;61;LIGHT_GRAY_WOOL;
101;181;62;LIGHT_GRAY_WOOL;
101;181;63;LIGHT_GRAY_WOOL;
101;182;57;LIGHT_GRAY_WOOL;
101;182;58;LIGHT_GRAY_WOOL;
101;182;59;LIGHT_GRAY_WOOL;
101;182;60;LIGHT_GRAY_WOOL;
101;182;61;LIGHT_GRAY_WOOL;
101;182;62;LIGHT_GRAY_WOOL;
101;182;63;LIGHT_GRAY_WOOL;
101;183;57;DIRT;
101;183;58;LIGHT_GRAY_WOOL;
101;183;59;LIGHT_GRAY_WOOL;
101;183;60;LIGHT_GRAY_WOOL;
101;183;61;LIGHT_GRAY_WOOL;
101;183;62;LIGHT_GRAY_WOOL;
101;183;63;DIRT;
101;184;57;DIRT;
101;184;58;DIRT;
101;184;59;LIGHT_GRAY_WOOL;
101;184;60;LIGHT_GRAY_WOOL;
101;184;61;LIGHT_GRAY_WOOL;
101;184;62;DIRT;
101;184;63;DIRT;
101;185;57;DIRT;
101;185;58;DIRT;
101;185;59;DIRT;
101;185;60;DIRT;
101;185;61;DIRT;
101;185;62;DIRT;
101;185;63;DIRT;
101;186;57;DIRT;
101;186;58;DIRT;
101;186;59;DIRT;
101;186;60;DIRT;
101;186;61;DIRT;
101;186;62;DIRT;
101;186;63;DIRT;
101;187;57;LIME_TERRACOTTA;
101;187;58;DIRT;
101;187;59;DIRT;
101;187;60;DIRT;
101;187;61;DIRT;
101;187;62;DIRT;
101;187;63;LIME_TERRACOTTA;
101;188;57;LIME_TERRACOTTA;
101;188;58;LIME_TERRACOTTA;
101;188;59;DIRT;
101;188;60;DIRT;
101;188;61;DIRT;
101;188;62;LIME_TERRACOTTA;
101;188;63;LIME_TERRACOTTA;
101;189;57;LIME_TERRACOTTA;
101;189;58;LIME_TERRACOTTA;
101;189;59;LIME_TERRACOTTA;
101;189;60;DIRT;
101;189;61;LIME_TERRACOTTA;
101;189;62;LIME_TERRACOTTA;
101;189;63;LIME_TERRACOTTA;
101;190;57;LIME_TERRACOTTA;
101;190;58;LIME_TERRACOTTA;
101;190;59;LIME_TERRACOTTA;
101;190;60;LIME_TERRACOTTA;
101;190;61;LIME_TERRACOTTA;
101;190;62;LIME_TERRACOTTA;
101;190;63;LIME_TERRACOTTA;
101;191;57;LIME_TERRACOTTA;
101;191;58;LIME_TERRACOTTA;
101;191;59;LIME_TERRACOTTA;
101;191;60;LIME_TERRACOTTA;
101;191;61;LIME_TERRACOTTA;
101;191;62;LIME_TERRACOTTA;
101;191;63;LIME_TERRACOTTA;
101;192;57;LIME_TERRACOTTA;
101;192;58;LIME_TERRACOTTA;
101;192;59;LIME_TERRACOTTA;
101;192;60;LIME_TERRACOTTA;
101;192;61;LIME_TERRACOTTA;
101;192;62;LIME_TERRACOTTA;
101;192;63;LIME_TERRACOTTA;
101;193;57;LIME_TERRACOTTA;
101;193;58;LIME_TERRACOTTA;
101;193;59;LIME_TERRACOTTA;
101;193;60;LIME_TERRACOTTA;
101;193;61;LIME_TERRACOTTA;
101;193;62;LIME_TERRACOTTA;
101;193;63;LIME_TERRACOTTA;
101;194;57;LIME_TERRACOTTA;
101;194;58;LIME_TERRACOTTA;
101;194;59;LIME_TERRACOTTA;
101;194;60;LIME_TERRACOTTA;
101;194;61;LIME_TERRACOTTA;
101;194;62;LIME_TERRACOTTA;
101;194;63;LIME_TERRACOTTA;
101;195;57;LIME_TERRACOTTA;
101;195;58;LIME_TERRACOTTA;
101;195;59;LIME_TERRACOTTA;
101;195;60;LIME_TERRACOTTA;
101;195;61;LIME_TERRACOTTA;
101;195;62;LIME_TERRACOTTA;
101;195;63;LIME_TERRACOTTA;
101;196;57;LIME_TERRACOTTA;
101;196;58;LIME_TERRACOTTA;
101;196;59;LIME_TERRACOTTA;
101;196;60;LIME_TERRACOTTA;
101;196;61;LIME_TERRACOTTA;
101;196;62;LIME_TERRACOTTA;
101;196;63;LIME_TERRACOTTA;
101;197;57;LIME_TERRACOTTA;
101;197;58;LIME_TERRACOTTA;
101;197;59;LIME_TERRACOTTA;
101;197;60;LIME_TERRACOTTA;
101;197;61;LIME_TERRACOTTA;
101;197;62;LIME_TERRACOTTA;
101;197;63;LIME_TERRACOTTA;
101;198;57;LIME_TERRACOTTA;
101;198;58;LIME_TERRACOTTA;
101;198;59;LIME_TERRACOTTA;
101;198;60;LIME_TERRACOTTA;
101;198;61;LIME_TERRACOTTA;
101;198;62;LIME_TERRACOTTA;
101;198;63;LIME_TERRACOTTA;
101;199;57;RED_WOOL;
101;199;58;LIME_TERRACOTTA;
101;199;59;LIME_TERRACOTTA;
101;199;60;LIME_TERRACOTTA;
101;199;61;LIME_TERRACOTTA;
101;199;62;LIME_TERRACOTTA;
101;199;63;RED_WOOL;
101;200;57;RED_WOOL;
101;200;58;RED_WOOL;
101;200;59;LIME_TERRACOTTA;
101;200;60;LIME_TERRACOTTA;
101;200;61;LIME_TERRACOTTA;
101;200;62;RED_WOOL;
101;200;63;RED_WOOL;
101;201;57;RED_WOOL;
101;201;58;RED_WOOL;
101;201;59;RED_WOOL;
101;201;60;RED_WOOL;
101;201;61;RED_WOOL;
101;201;62;RED_WOOL;
101;201;63;RED_WOOL;
101;202;57;RED_WOOL;
101;202;58;RED_WOOL;
101;202;59;RED_WOOL;
101;202;60;RED_WOOL;
101;202;61;RED_WOOL;
101;202;62;RED_WOOL;
101;202;63;RED_WOOL;
102;173;57;LIGHT_GRAY_WOOL;
102;173;58;LIGHT_GRAY_WOOL;
102;173;59;LIGHT_GRAY_WOOL;
102;173;60;LIGHT_GRAY_WOOL;
102;173;61;LIGHT_GRAY_WOOL;
102;173;62;LIGHT_GRAY_WOOL;
102;173;63;LIGHT_GRAY_WOOL;
102;174;57;LIGHT_GRAY_WOOL;
102;174;58;LIGHT_GRAY_WOOL;
102;174;59;LIGHT_GRAY_WOOL;
102;174;60;LIGHT_GRAY_WOOL;
102;174;61;LIGHT_GRAY_WOOL;
102;174;62;LIGHT_GRAY_WOOL;
102;174;63;LIGHT_GRAY_WOOL;
102;175;57;LIGHT_GRAY_WOOL;
102;175;58;LIGHT_GRAY_WOOL;
102;175;59;LIGHT_GRAY_WOOL;
102;175;60;LIGHT_GRAY_WOOL;
102;175;61;LIGHT_GRAY_WOOL;
102;175;62;LIGHT_GRAY_WOOL;
102;175;63;LIGHT_GRAY_WOOL;
102;176;57;LIGHT_GRAY_WOOL;
102;176;58;LIGHT_GRAY_WOOL;
102;176;59;LIGHT_GRAY_WOOL;
102;176;60;LIGHT_GRAY_WOOL;
102;176;61;LIGHT_GRAY_WOOL;
102;176;62;LIGHT_GRAY_WOOL;
102;176;63;LIGHT_GRAY_WOOL;
102;177;57;LIGHT_GRAY_WOOL;
102;177;58;LIGHT_GRAY_WOOL;
102;177;59;LIGHT_GRAY_WOOL;
102;177;60;LIGHT_GRAY_WOOL;
102;177;61;LIGHT_GRAY_WOOL;
102;177;62;LIGHT_GRAY_WOOL;
102;177;63;LIGHT_GRAY_WOOL;
102;178;57;LIGHT_GRAY_WOOL;
102;178;58;LIGHT_GRAY_WOOL;
102;178;59;LIGHT_GRAY_WOOL;
102;178;60;LIGHT_GRAY_WOOL;
102;178;61;LIGHT_GRAY_WOOL;
102;178;62;LIGHT_GRAY_WOOL;
102;178;63;LIGHT_GRAY_WOOL;
102;179;57;LIGHT_GRAY_WOOL;
102;179;58;LIGHT_GRAY_WOOL;
102;179;59;LIGHT_GRAY_WOOL;
102;179;60;LIGHT_GRAY_WOOL;
102;179;61;LIGHT_GRAY_WOOL;
102;179;62;LIGHT_GRAY_WOOL;
102;179;63;LIGHT_GRAY_WOOL;
102;180;57;LIGHT_GRAY_WOOL;
102;180;58;LIGHT_GRAY_WOOL;
102;180;59;LIGHT_GRAY_WOOL;
102;180;60;LIGHT_GRAY_WOOL;
102;180;61;LIGHT_GRAY_WOOL;
102;180;62;LIGHT_GRAY_WOOL;
102;180;63;LIGHT_GRAY_WOOL;
102;181;57;LIGHT_GRAY_WOOL;
102;181;58;LIGHT_GRAY_WOOL;
102;181;59;LIGHT_GRAY_WOOL;
102;181;60;LIGHT_GRAY_WOOL;
102;181;61;LIGHT_GRAY_WOOL;
102;181;62;LIGHT_GRAY_WOOL;
102;181;63;LIGHT_GRAY_WOOL;
102;182;57;LIGHT_GRAY_WOOL;
102;182;58;LIGHT_GRAY_WOOL;
102;182;59;LIGHT_GRAY_WOOL;
102;182;60;LIGHT_GRAY_WOOL;
102;182;61;LIGHT_GRAY_WOOL;
102;182;62;LIGHT_GRAY_WOOL;
102;182;63;LIGHT_GRAY_WOOL;
102;183;57;DIRT;
102;183;58;LIGHT_GRAY_WOOL;
102;183;59;LIGHT_GRAY_WOOL;
102;183;60;LIGHT_GRAY_WOOL;
102;183;61;LIGHT_GRAY_WOOL;
102;183;62;LIGHT_GRAY_WOOL;
102;183;63;DIRT;
102;184;57;DIRT;
102;184;58;DIRT;
102;184;59;LIGHT_GRAY_WOOL;
102;184;60;LIGHT_GRAY_WOOL;
102;184;61;LIGHT_GRAY_WOOL;
102;184;62;DIRT;
102;184;63;DIRT;
102;185;57;DIRT;
102;185;58;DIRT;
102;185;59;DIRT;
102;185;60;DIRT;
102;185;61;DIRT;
102;185;62;DIRT;
102;185;63;DIRT;
102;186;57;DIRT;
102;186;58;DIRT;
102;186;59;DIRT;
102;186;60;DIRT;
102;186;61;DIRT;
102;186;62;DIRT;
102;186;63;DIRT;
102;187;57;LIME_TERRACOTTA;
102;187;58;DIRT;
102;187;59;DIRT;
102;187;60;DIRT;
102;187;61;DIRT;
102;187;62;DIRT;
102;187;63;LIME_TERRACOTTA;
102;188;57;LIME_TERRACOTTA;
102;188;58;LIME_TERRACOTTA;
102;188;59;DIRT;
102;188;60;DIRT;
102;188;61;DIRT;
102;188;62;LIME_TERRACOTTA;
102;188;63;LIME_TERRACOTTA;
102;189;57;LIME_TERRACOTTA;
102;189;58;LIME_TERRACOTTA;
102;189;59;LIME_TERRACOTTA;
102;189;60;DIRT;
102;189;61;LIME_TERRACOTTA;
102;189;62;LIME_TERRACOTTA;
102;189;63;LIME_TERRACOTTA;
102;190;57;LIME_TERRACOTTA;
102;190;58;LIME_TERRACOTTA;
102;190;59;LIME_TERRACOTTA;
102;190;60;LIME_TERRACOTTA;
102;190;61;LIME_TERRACOTTA;
102;190;62;LIME_TERRACOTTA;
102;190;63;LIME_TERRACOTTA;
102;191;57;LIME_TERRACOTTA;
102;191;58;LIME_TERRACOTTA;
102;191;59;LIME_TERRACOTTA;
102;191;60;LIME_TERRACOTTA;
102;191;61;LIME_TERRACOTTA;
102;191;62;LIME_TERRACOTTA;
102;191;63;LIME_TERRACOTTA;
102;192;57;LIME_TERRACOTTA;
102;192;58;LIME_TERRACOTTA;
102;192;59;LIME_TERRACOTTA;
102;192;60;LIME_TERRACOTTA;
102;192;61;LIME_TERRACOTTA;
102;192;62;LIME_TERRACOTTA;
102;192;63;LIME_TERRACOTTA;
102;193;57;LIME_TERRACOTTA;
102;193;58;LIME_TERRACOTTA;
102;193;59;LIME_TERRACOTTA;
102;193;60;LIME_TERRACOTTA;
102;193;61;LIME_TERRACOTTA;
102;193;62;LIME_TERRACOTTA;
102;193;63;LIME_TERRACOTTA;
102;194;57;LIME_TERRACOTTA;
102;194;58;LIME_TERRACOTTA;
102;194;59;LIME_TERRACOTTA;
102;194;60;LIME_TERRACOTTA;
102;194;61;LIME_TERRACOTTA;
102;194;62;LIME_TERRACOTTA;
102;194;63;LIME_TERRACOTTA;
102;195;57;LIME_TERRACOTTA;
102;195;58;LIME_TERRACOTTA;
102;195;59;LIME_TERRACOTTA;
102;195;60;LIME_TERRACOTTA;
102;195;61;LIME_TERRACOTTA;
102;195;62;LIME_TERRACOTTA;
102;195;63;LIME_TERRACOTTA;
102;196;57;LIME_TERRACOTTA;
102;196;58;LIME_TERRACOTTA;
102;196;59;LIME_TERRACOTTA;
102;196;60;LIME_TERRACOTTA;
102;196;61;LIME_TERRACOTTA;
102;196;62;LIME_TERRACOTTA;
102;196;63;LIME_TERRACOTTA;
102;197;57;LIME_TERRACOTTA;
102;197;58;LIME_TERRACOTTA;
102;197;59;LIME_TERRACOTTA;
102;197;60;LIME_TERRACOTTA;
102;197;61;LIME_TERRACOTTA;
102;197;62;LIME_TERRACOTTA;
102;197;63;LIME_TERRACOTTA;
102;198;57;LIME_TERRACOTTA;
102;198;58;LIME_TERRACOTTA;
102;198;59;LIME_TERRACOTTA;
102;198;60;LIME_TERRACOTTA;
102;198;61;LIME_TERRACOTTA;
102;198;62;LIME_TERRACOTTA;
102;198;63;LIME_TERRACOTTA;
102;199;57;RED_WOOL;
102;199;58;LIME_TERRACOTTA;
102;199;59;LIME_TERRACOTTA;
102;199;60;LIME_TERRACOTTA;
102;199;61;LIME_TERRACOTTA;
102;199;62;LIME_TERRACOTTA;
102;199;63;RED_WOOL;
102;200;57;RED_WOOL;
102;200;58;RED_WOOL;
102;200;59;LIME_TERRACOTTA;
102;200;60;LIME_TERRACOTTA;
102;200;61;LIME_TERRACOTTA;
102;200;62;RED_WOOL;
102;200;63;RED_WOOL;
102;201;57;RED_WOOL;
102;201;58;RED_WOOL;
102;201;59;RED_WOOL;
102;201;60;RED_WOOL;
102;201;61;RED_WOOL;
102;201;62;RED_WOOL;
102;201;63;RED_WOOL;
102;202;57;RED_WOOL;
102;202;58;RED_WOOL;
102;202;59;RED_WOOL;
102;202;60;RED_WOOL;
102;202;61;RED_WOOL;
102;202;62;RED_WOOL;
102;202;63;RED_WOOL;
103;173;57;LIGHT_GRAY_WOOL;
103;173;58;LIGHT_GRAY_WOOL;
103;173;59;LIGHT_GRAY_WOOL;
103;173;60;LIGHT_GRAY_WOOL;
103;173;61;LIGHT_GRAY_WOOL;
103;173;62;LIGHT_GRAY_WOOL;
103;173;63;LIGHT_GRAY_WOOL;
103;174;57;LIGHT_GRAY_WOOL;
103;174;58;LIGHT_GRAY_WOOL;
103;174;59;LIGHT_GRAY_WOOL;
103;174;60;LIGHT_GRAY_WOOL;
103;174;61;LIGHT_GRAY_WOOL;
103;174;62;LIGHT_GRAY_WOOL;
103;174;63;LIGHT_GRAY_WOOL;
103;175;57;LIGHT_GRAY_WOOL;
103;175;58;LIGHT_GRAY_WOOL;
103;175;59;LIGHT_GRAY_WOOL;
103;175;60;LIGHT_GRAY_WOOL;
103;175;61;LIGHT_GRAY_WOOL;
103;175;62;LIGHT_GRAY_WOOL;
103;175;63;LIGHT_GRAY_WOOL;
103;176;57;LIGHT_GRAY_WOOL;
103;176;58;LIGHT_GRAY_WOOL;
103;176;59;LIGHT_GRAY_WOOL;
103;176;60;LIGHT_GRAY_WOOL;
103;176;61;LIGHT_GRAY_WOOL;
103;176;62;LIGHT_GRAY_WOOL;
103;176;63;LIGHT_GRAY_WOOL;
103;177;57;LIGHT_GRAY_WOOL;
103;177;58;LIGHT_GRAY_WOOL;
103;177;59;LIGHT_GRAY_WOOL;
103;177;60;LIGHT_GRAY_WOOL;
103;177;61;LIGHT_GRAY_WOOL;
103;177;62;LIGHT_GRAY_WOOL;
103;177;63;LIGHT_GRAY_WOOL;
103;178;57;LIGHT_GRAY_WOOL;
103;178;58;LIGHT_GRAY_WOOL;
103;178;59;LIGHT_GRAY_WOOL;
103;178;60;LIGHT_GRAY_WOOL;
103;178;61;LIGHT_GRAY_WOOL;
103;178;62;LIGHT_GRAY_WOOL;
103;178;63;LIGHT_GRAY_WOOL;
103;179;57;LIGHT_GRAY_WOOL;
103;179;58;LIGHT_GRAY_WOOL;
103;179;59;LIGHT_GRAY_WOOL;
103;179;60;LIGHT_GRAY_WOOL;
103;179;61;LIGHT_GRAY_WOOL;
103;179;62;LIGHT_GRAY_WOOL;
103;179;63;LIGHT_GRAY_WOOL;
103;180;57;LIGHT_GRAY_WOOL;
103;180;58;LIGHT_GRAY_WOOL;
103;180;59;LIGHT_GRAY_WOOL;
103;180;60;LIGHT_GRAY_WOOL;
103;180;61;LIGHT_GRAY_WOOL;
103;180;62;LIGHT_GRAY_WOOL;
103;180;63;LIGHT_GRAY_WOOL;
103;181;57;LIGHT_GRAY_WOOL;
103;181;58;LIGHT_GRAY_WOOL;
103;181;59;LIGHT_GRAY_WOOL;
103;181;60;LIGHT_GRAY_WOOL;
103;181;61;LIGHT_GRAY_WOOL;
103;181;62;LIGHT_GRAY_WOOL;
103;181;63;LIGHT_GRAY_WOOL;
103;182;57;LIGHT_GRAY_WOOL;
103;182;58;LIGHT_GRAY_WOOL;
103;182;59;LIGHT_GRAY_WOOL;
103;182;60;LIGHT_GRAY_WOOL;
103;182;61;LIGHT_GRAY_WOOL;
103;182;62;LIGHT_GRAY_WOOL;
103;182;63;LIGHT_GRAY_WOOL;
103;183;57;DIRT;
103;183;58;LIGHT_GRAY_WOOL;
103;183;59;LIGHT_GRAY_WOOL;
103;183;60;LIGHT_GRAY_WOOL;
103;183;61;LIGHT_GRAY_WOOL;
103;183;62;LIGHT_GRAY_WOOL;
103;183;63;DIRT;
103;184;57;DIRT;
103;184;58;DIRT;
103;184;59;LIGHT_GRAY_WOOL;
103;184;60;LIGHT_GRAY_WOOL;
103;184;61;LIGHT_GRAY_WOOL;
103;184;62;DIRT;
103;184;63;DIRT;
103;185;57;DIRT;
103;185;58;DIRT;
103;185;59;DIRT;
103;185;60;DIRT;
103;185;61;DIRT;
103;185;62;DIRT;
103;185;63;DIRT;
103;186;57;DIRT;
103;186;58;DIRT;
103;186;59;DIRT;
103;186;60;DIRT;
103;186;61;DIRT;
103;186;62;DIRT;
103;186;63;DIRT;
103;187;57;LIME_TERRACOTTA;
103;187;58;DIRT;
103;187;59;DIRT;
103;187;60;DIRT;
103;187;61;DIRT;
103;187;62;DIRT;
103;187;63;LIME_TERRACOTTA;
103;188;57;LIME_TERRACOTTA;
103;188;58;LIME_TERRACOTTA;
103;188;59;DIRT;
103;188;60;DIRT;
103;188;61;DIRT;
103;188;62;LIME_TERRACOTTA;
103;188;63;LIME_TERRACOTTA;
103;189;57;LIME_TERRACOTTA;
103;189;58;LIME_TERRACOTTA;
103;189;59;LIME_TERRACOTTA;
103;189;60;DIRT;
103;189;61;LIME_TERRACOTTA;
103;189;62;LIME_TERRACOTTA;
103;189;63;LIME_TERRACOTTA;
103;190;57;LIME_TERRACOTTA;
103;190;58;LIME_TERRACOTTA;
103;190;59;LIME_TERRACOTTA;
103;190;60;LIME_TERRACOTTA;
103;190;61;LIME_TERRACOTTA;
103;190;62;LIME_TERRACOTTA;
103;190;63;LIME_TERRACOTTA;
103;191;57;LIME_TERRACOTTA;
103;191;58;LIME_TERRACOTTA;
103;191;59;LIME_TERRACOTTA;
103;191;60;LIME_TERRACOTTA;
103;191;61;LIME_TERRACOTTA;
103;191;62;LIME_TERRACOTTA;
103;191;63;LIME_TERRACOTTA;
103;192;57;LIME_TERRACOTTA;
103;192;58;LIME_TERRACOTTA;
103;192;59;LIME_TERRACOTTA;
103;192;60;LIME_TERRACOTTA;
103;192;61;LIME_TERRACOTTA;
103;192;62;LIME_TERRACOTTA;
103;192;63;LIME_TERRACOTTA;
103;193;57;LIME_TERRACOTTA;
103;193;58;LIME_TERRACOTTA;
103;193;59;LIME_TERRACOTTA;
103;193;60;LIME_TERRACOTTA;
103;193;61;LIME_TERRACOTTA;
103;193;62;LIME_TERRACOTTA;
103;193;63;LIME_TERRACOTTA;
103;194;57;LIME_TERRACOTTA;
103;194;58;LIME_TERRACOTTA;
103;194;59;LIME_TERRACOTTA;
103;194;60;LIME_TERRACOTTA;
103;194;61;LIME_TERRACOTTA;
103;194;62;LIME_TERRACOTTA;
103;194;63;LIME_TERRACOTTA;
103;195;57;LIME_TERRACOTTA;
103;195;58;LIME_TERRACOTTA;
103;195;59;LIME_TERRACOTTA;
103;195;60;LIME_TERRACOTTA;
103;195;61;LIME_TERRACOTTA;
103;195;62;LIME_TERRACOTTA;
103;195;63;LIME_TERRACOTTA;
103;196;57;LIME_TERRACOTTA;
103;196;58;LIME_TERRACOTTA;
103;196;59;LIME_TERRACOTTA;
103;196;60;LIME_TERRACOTTA;
103;196;61;LIME_TERRACOTTA;
103;196;62;LIME_TERRACOTTA;
103;196;63;LIME_TERRACOTTA;
103;197;57;LIME_TERRACOTTA;
103;197;58;LIME_TERRACOTTA;
103;197;59;LIME_TERRACOTTA;
103;197;60;LIME_TERRACOTTA;
103;197;61;LIME_TERRACOTTA;
103;197;62;LIME_TERRACOTTA;
103;197;63;LIME_TERRACOTTA;
103;198;57;LIME_TERRACOTTA;
103;198;58;LIME_TERRACOTTA;
103;198;59;LIME_TERRACOTTA;
103;198;60;LIME_TERRACOTTA;
103;198;61;LIME_TERRACOTTA;
103;198;62;LIME_TERRACOTTA;
103;198;63;LIME_TERRACOTTA;
103;199;57;RED_WOOL;
103;199;58;LIME_TERRACOTTA;
103;199;59;LIME_TERRACOTTA;
103;199;60;LIME_TERRACOTTA;
103;199;61;LIME_TERRACOTTA;
103;199;62;LIME_TERRACOTTA;
103;199;63;RED_WOOL;
103;200;57;RED_WOOL;
103;200;58;RED_WOOL;
103;200;59;LIME_TERRACOTTA;
103;200;60;LIME_TERRACOTTA;
103;200;61;LIME_TERRACOTTA;
103;200;62;RED_WOOL;
103;200;63;RED_WOOL;
103;201;57;RED_WOOL;
103;201;58;RED_WOOL;
103;201;59;RED_WOOL;
103;201;60;RED_WOOL;
103;201;61;RED_WOOL;
103;201;62;RED_WOOL;
103;201;63;RED_WOOL;
103;202;57;RED_WOOL;
103;202;58;RED_WOOL;
103;202;59;RED_WOOL;
103;202;60;RED_WOOL;
103;202;61;RED_WOOL;
103;202;62;RED_WOOL;
103;202;63;RED_WOOL;
104;173;57;LIGHT_GRAY_WOOL;
104;173;58;LIGHT_GRAY_WOOL;
104;173;59;LIGHT_GRAY_WOOL;
104;173;60;LIGHT_GRAY_WOOL;
104;173;61;LIGHT_GRAY_WOOL;
104;173;62;LIGHT_GRAY_WOOL;
104;173;63;LIGHT_GRAY_WOOL;
104;174;57;LIGHT_GRAY_WOOL;
104;174;58;LIGHT_GRAY_WOOL;
104;174;59;LIGHT_GRAY_WOOL;
104;174;60;LIGHT_GRAY_WOOL;
104;174;61;LIGHT_GRAY_WOOL;
104;174;62;LIGHT_GRAY_WOOL;
104;174;63;LIGHT_GRAY_WOOL;
104;175;57;LIGHT_GRAY_WOOL;
104;175;58;LIGHT_GRAY_WOOL;
104;175;59;LIGHT_GRAY_WOOL;
104;175;60;LIGHT_GRAY_WOOL;
104;175;61;LIGHT_GRAY_WOOL;
104;175;62;LIGHT_GRAY_WOOL;
104;175;63;LIGHT_GRAY_WOOL;
104;176;57;LIGHT_GRAY_WOOL;
104;176;58;LIGHT_GRAY_WOOL;
104;176;59;LIGHT_GRAY_WOOL;
104;176;60;LIGHT_GRAY_WOOL;
104;176;61;LIGHT_GRAY_WOOL;
104;176;62;LIGHT_GRAY_WOOL;
104;176;63;LIGHT_GRAY_WOOL;
104;177;57;LIGHT_GRAY_WOOL;
104;177;58;LIGHT_GRAY_WOOL;
104;177;59;LIGHT_GRAY_WOOL;
104;177;60;LIGHT_GRAY_WOOL;
104;177;61;LIGHT_GRAY_WOOL;
104;177;62;LIGHT_GRAY_WOOL;
104;177;63;LIGHT_GRAY_WOOL;
104;178;57;LIGHT_GRAY_WOOL;
104;178;58;LIGHT_GRAY_WOOL;
104;178;59;LIGHT_GRAY_WOOL;
104;178;60;LIGHT_GRAY_WOOL;
104;178;61;LIGHT_GRAY_WOOL;
104;178;62;LIGHT_GRAY_WOOL;
104;178;63;LIGHT_GRAY_WOOL;
104;179;57;LIGHT_GRAY_WOOL;
104;179;58;LIGHT_GRAY_WOOL;
104;179;59;LIGHT_GRAY_WOOL;
104;179;60;LIGHT_GRAY_WOOL;
104;179;61;LIGHT_GRAY_WOOL;
104;179;62;LIGHT_GRAY_WOOL;
104;179;63;LIGHT_GRAY_WOOL;
104;180;57;LIGHT_GRAY_WOOL;
104;180;58;LIGHT_GRAY_WOOL;
104;180;59;LIGHT_GRAY_WOOL;
104;180;60;LIGHT_GRAY_WOOL;
104;180;61;LIGHT_GRAY_WOOL;
104;180;62;LIGHT_GRAY_WOOL;
104;180;63;LIGHT_GRAY_WOOL;
104;181;57;LIGHT_GRAY_WOOL;
104;181;58;LIGHT_GRAY_WOOL;
104;181;59;LIGHT_GRAY_WOOL;
104;181;60;LIGHT_GRAY_WOOL;
104;181;61;LIGHT_GRAY_WOOL;
104;181;62;LIGHT_GRAY_WOOL;
104;181;63;LIGHT_GRAY_WOOL;
104;182;57;LIGHT_GRAY_WOOL;
104;182;58;LIGHT_GRAY_WOOL;
104;182;59;LIGHT_GRAY_WOOL;
104;182;60;LIGHT_GRAY_WOOL;
104;182;61;LIGHT_GRAY_WOOL;
104;182;62;LIGHT_GRAY_WOOL;
104;182;63;LIGHT_GRAY_WOOL;
104;183;57;DIRT;
104;183;58;LIGHT_GRAY_WOOL;
104;183;59;LIGHT_GRAY_WOOL;
104;183;60;LIGHT_GRAY_WOOL;
104;183;61;LIGHT_GRAY_WOOL;
104;183;62;LIGHT_GRAY_WOOL;
104;183;63;DIRT;
104;184;57;DIRT;
104;184;58;DIRT;
104;184;59;LIGHT_GRAY_WOOL;
104;184;60;LIGHT_GRAY_WOOL;
104;184;61;LIGHT_GRAY_WOOL;
104;184;62;DIRT;
104;184;63;DIRT;
104;185;57;DIRT;
104;185;58;DIRT;
104;185;59;DIRT;
104;185;60;DIRT;
104;185;61;DIRT;
104;185;62;DIRT;
104;185;63;DIRT;
104;186;57;DIRT;
104;186;58;DIRT;
104;186;59;DIRT;
104;186;60;DIRT;
104;186;61;DIRT;
104;186;62;DIRT;
104;186;63;DIRT;
104;187;57;LIME_TERRACOTTA;
104;187;58;DIRT;
104;187;59;DIRT;
104;187;60;DIRT;
104;187;61;DIRT;
104;187;62;DIRT;
104;187;63;LIME_TERRACOTTA;
104;188;57;LIME_TERRACOTTA;
104;188;58;LIME_TERRACOTTA;
104;188;59;DIRT;
104;188;60;DIRT;
104;188;61;DIRT;
104;188;62;LIME_TERRACOTTA;
104;188;63;LIME_TERRACOTTA;
104;189;57;LIME_TERRACOTTA;
104;189;58;LIME_TERRACOTTA;
104;189;59;LIME_TERRACOTTA;
104;189;60;DIRT;
104;189;61;LIME_TERRACOTTA;
104;189;62;LIME_TERRACOTTA;
104;189;63;LIME_TERRACOTTA;
104;190;57;LIME_TERRACOTTA;
104;190;58;LIME_TERRACOTTA;
104;190;59;LIME_TERRACOTTA;
104;190;60;LIME_TERRACOTTA;
104;190;61;LIME_TERRACOTTA;
104;190;62;LIME_TERRACOTTA;
104;190;63;LIME_TERRACOTTA;
104;191;57;LIME_TERRACOTTA;
104;191;58;LIME_TERRACOTTA;
104;191;59;LIME_TERRACOTTA;
104;191;60;LIME_TERRACOTTA;
104;191;61;LIME_TERRACOTTA;
104;191;62;LIME_TERRACOTTA;
104;191;63;LIME_TERRACOTTA;
104;192;57;LIME_TERRACOTTA;
104;192;58;LIME_TERRACOTTA;
104;192;59;LIME_TERRACOTTA;
104;192;60;LIME_TERRACOTTA;
104;192;61;LIME_TERRACOTTA;
104;192;62;LIME_TERRACOTTA;
104;192;63;LIME_TERRACOTTA;
104;193;57;LIME_TERRACOTTA;
104;193;58;LIME_TERRACOTTA;
104;193;59;LIME_TERRACOTTA;
104;193;60;LIME_TERRACOTTA;
104;193;61;LIME_TERRACOTTA;
104;193;62;LIME_TERRACOTTA;
104;193;63;LIME_TERRACOTTA;
104;194;57;LIME_TERRACOTTA;
104;194;58;LIME_TERRACOTTA;
104;194;59;LIME_TERRACOTTA;
104;194;60;LIME_TERRACOTTA;
104;194;61;LIME_TERRACOTTA;
104;194;62;LIME_TERRACOTTA;
104;194;63;LIME_TERRACOTTA;
104;195;57;LIME_TERRACOTTA;
104;195;58;LIME_TERRACOTTA;
104;195;59;LIME_TERRACOTTA;
104;195;60;LIME_TERRACOTTA;
104;195;61;LIME_TERRACOTTA;
104;195;62;LIME_TERRACOTTA;
104;195;63;LIME_TERRACOTTA;
104;196;57;LIME_TERRACOTTA;
104;196;58;LIME_TERRACOTTA;
104;196;59;LIME_TERRACOTTA;
104;196;60;LIME_TERRACOTTA;
104;196;61;LIME_TERRACOTTA;
104;196;62;LIME_TERRACOTTA;
104;196;63;LIME_TERRACOTTA;
104;197;57;LIME_TERRACOTTA;
104;197;58;LIME_TERRACOTTA;
104;197;59;LIME_TERRACOTTA;
104;197;60;LIME_TERRACOTTA;
104;197;61;LIME_TERRACOTTA;
104;197;62;LIME_TERRACOTTA;
104;197;63;LIME_TERRACOTTA;
104;198;57;LIME_TERRACOTTA;
104;198;58;LIME_TERRACOTTA;
104;198;59;LIME_TERRACOTTA;
104;198;60;LIME_TERRACOTTA;
104;198;61;LIME_TERRACOTTA;
104;198;62;LIME_TERRACOTTA;
104;198;63;LIME_TERRACOTTA;
104;199;57;RED_WOOL;
104;199;58;LIME_TERRACOTTA;
104;199;59;LIME_TERRACOTTA;
104;199;60;LIME_TERRACOTTA;
104;199;61;LIME_TERRACOTTA;
104;199;62;LIME_TERRACOTTA;
104;199;63;RED_WOOL;
104;200;57;RED_WOOL;
104;200;58;RED_WOOL;
104;200;59;LIME_TERRACOTTA;
104;200;60;LIME_TERRACOTTA;
104;200;61;LIME_TERRACOTTA;
104;200;62;RED_WOOL;
104;200;63;RED_WOOL;
104;201;57;RED_WOOL;
104;201;58;RED_WOOL;
104;201;59;RED_WOOL;
104;201;60;RED_WOOL;
104;201;61;RED_WOOL;
104;201;62;RED_WOOL;
104;201;63;RED_WOOL;
104;202;57;RED_WOOL;
104;202;58;RED_WOOL;
104;202;59;RED_WOOL;
104;202;60;RED_WOOL;
104;202;61;RED_WOOL;
104;202;62;RED_WOOL;
104;202;63;RED_WOOL;
105;173;57;LIGHT_GRAY_WOOL;
105;173;58;LIGHT_GRAY_WOOL;
105;173;59;LIGHT_GRAY_WOOL;
105;173;60;LIGHT_GRAY_WOOL;
105;173;61;LIGHT_GRAY_WOOL;
105;173;62;LIGHT_GRAY_WOOL;
105;173;63;LIGHT_GRAY_WOOL;
105;174;57;LIGHT_GRAY_WOOL;
105;174;58;LIGHT_GRAY_WOOL;
105;174;59;LIGHT_GRAY_WOOL;
105;174;60;LIGHT_GRAY_WOOL;
105;174;61;LIGHT_GRAY_WOOL;
105;174;62;LIGHT_GRAY_WOOL;
105;174;63;LIGHT_GRAY_WOOL;
105;175;57;LIGHT_GRAY_WOOL;
105;175;58;LIGHT_GRAY_WOOL;
105;175;59;LIGHT_GRAY_WOOL;
105;175;60;LIGHT_GRAY_WOOL;
105;175;61;LIGHT_GRAY_WOOL;
105;175;62;LIGHT_GRAY_WOOL;
105;175;63;LIGHT_GRAY_WOOL;
105;176;57;LIGHT_GRAY_WOOL;
105;176;58;LIGHT_GRAY_WOOL;
105;176;59;LIGHT_GRAY_WOOL;
105;176;60;LIGHT_GRAY_WOOL;
105;176;61;LIGHT_GRAY_WOOL;
105;176;62;LIGHT_GRAY_WOOL;
105;176;63;LIGHT_GRAY_WOOL;
105;177;57;LIGHT_GRAY_WOOL;
105;177;58;LIGHT_GRAY_WOOL;
105;177;59;LIGHT_GRAY_WOOL;
105;177;60;LIGHT_GRAY_WOOL;
105;177;61;LIGHT_GRAY_WOOL;
105;177;62;LIGHT_GRAY_WOOL;
105;177;63;LIGHT_GRAY_WOOL;
105;178;57;LIGHT_GRAY_WOOL;
105;178;58;LIGHT_GRAY_WOOL;
105;178;59;LIGHT_GRAY_WOOL;
105;178;60;LIGHT_GRAY_WOOL;
105;178;61;LIGHT_GRAY_WOOL;
105;178;62;LIGHT_GRAY_WOOL;
105;178;63;LIGHT_GRAY_WOOL;
105;179;57;LIGHT_GRAY_WOOL;
105;179;58;LIGHT_GRAY_WOOL;
105;179;59;LIGHT_GRAY_WOOL;
105;179;60;LIGHT_GRAY_WOOL;
105;179;61;LIGHT_GRAY_WOOL;
105;179;62;LIGHT_GRAY_WOOL;
105;179;63;LIGHT_GRAY_WOOL;
105;180;57;LIGHT_GRAY_WOOL;
105;180;58;LIGHT_GRAY_WOOL;
105;180;59;LIGHT_GRAY_WOOL;
105;180;60;LIGHT_GRAY_WOOL;
105;180;61;LIGHT_GRAY_WOOL;
105;180;62;LIGHT_GRAY_WOOL;
105;180;63;LIGHT_GRAY_WOOL;
105;181;57;LIGHT_GRAY_WOOL;
105;181;58;LIGHT_GRAY_WOOL;
105;181;59;LIGHT_GRAY_WOOL;
105;181;60;LIGHT_GRAY_WOOL;
105;181;61;LIGHT_GRAY_WOOL;
105;181;62;LIGHT_GRAY_WOOL;
105;181;63;LIGHT_GRAY_WOOL;
105;182;57;LIGHT_GRAY_WOOL;
105;182;58;LIGHT_GRAY_WOOL;
105;182;59;LIGHT_GRAY_WOOL;
105;182;60;LIGHT_GRAY_WOOL;
105;182;61;LIGHT_GRAY_WOOL;
105;182;62;LIGHT_GRAY_WOOL;
105;182;63;LIGHT_GRAY_WOOL;
105;183;57;DIRT;
105;183;58;LIGHT_GRAY_WOOL;
105;183;59;LIGHT_GRAY_WOOL;
105;183;60;LIGHT_GRAY_WOOL;
105;183;61;LIGHT_GRAY_WOOL;
105;183;62;LIGHT_GRAY_WOOL;
105;183;63;DIRT;
105;184;57;DIRT;
105;184;58;DIRT;
105;184;59;LIGHT_GRAY_WOOL;
105;184;60;LIGHT_GRAY_WOOL;
105;184;61;LIGHT_GRAY_WOOL;
105;184;62;DIRT;
105;184;63;DIRT;
105;185;57;DIRT;
105;185;58;DIRT;
105;185;59;DIRT;
105;185;60;DIRT;
105;185;61;DIRT;
105;185;62;DIRT;
105;185;63;DIRT;
105;186;57;DIRT;
105;186;58;DIRT;
105;186;59;DIRT;
105;186;60;DIRT;
105;186;61;DIRT;
105;186;62;DIRT;
105;186;63;DIRT;
105;187;57;LIME_TERRACOTTA;
105;187;58;DIRT;
105;187;59;DIRT;
105;187;60;DIRT;
105;187;61;DIRT;
105;187;62;DIRT;
105;187;63;LIME_TERRACOTTA;
105;188;57;LIME_TERRACOTTA;
105;188;58;LIME_TERRACOTTA;
105;188;59;DIRT;
105;188;60;DIRT;
105;188;61;DIRT;
105;188;62;LIME_TERRACOTTA;
105;188;63;LIME_TERRACOTTA;
105;189;57;LIME_TERRACOTTA;
105;189;58;LIME_TERRACOTTA;
105;189;59;LIME_TERRACOTTA;
105;189;60;DIRT;
105;189;61;LIME_TERRACOTTA;
105;189;62;LIME_TERRACOTTA;
105;189;63;LIME_TERRACOTTA;
105;190;57;LIME_TERRACOTTA;
105;190;58;LIME_TERRACOTTA;
105;190;59;LIME_TERRACOTTA;
105;190;60;LIME_TERRACOTTA;
105;190;61;LIME_TERRACOTTA;
105;190;62;LIME_TERRACOTTA;
105;190;63;LIME_TERRACOTTA;
105;191;57;LIME_TERRACOTTA;
105;191;58;LIME_TERRACOTTA;
105;191;59;LIME_TERRACOTTA;
105;191;60;LIME_TERRACOTTA;
105;191;61;LIME_TERRACOTTA;
105;191;62;LIME_TERRACOTTA;
105;191;63;LIME_TERRACOTTA;
105;192;57;LIME_TERRACOTTA;
105;192;58;LIME_TERRACOTTA;
105;192;59;LIME_TERRACOTTA;
105;192;60;LIME_TERRACOTTA;
105;192;61;LIME_TERRACOTTA;
105;192;62;LIME_TERRACOTTA;
105;192;63;LIME_TERRACOTTA;
105;193;57;LIME_TERRACOTTA;
105;193;58;LIME_TERRACOTTA;
105;193;59;LIME_TERRACOTTA;
105;193;60;LIME_TERRACOTTA;
105;193;61;LIME_TERRACOTTA;
105;193;62;LIME_TERRACOTTA;
105;193;63;LIME_TERRACOTTA;
105;194;57;LIME_TERRACOTTA;
105;194;58;LIME_TERRACOTTA;
105;194;59;LIME_TERRACOTTA;
105;194;60;LIME_TERRACOTTA;
105;194;61;LIME_TERRACOTTA;
105;194;62;LIME_TERRACOTTA;
105;194;63;LIME_TERRACOTTA;
105;195;57;LIME_TERRACOTTA;
105;195;58;LIME_TERRACOTTA;
105;195;59;LIME_TERRACOTTA;
105;195;60;LIME_TERRACOTTA;
105;195;61;LIME_TERRACOTTA;
105;195;62;LIME_TERRACOTTA;
105;195;63;LIME_TERRACOTTA;
105;196;57;LIME_TERRACOTTA;
105;196;58;LIME_TERRACOTTA;
105;196;59;LIME_TERRACOTTA;
105;196;60;LIME_TERRACOTTA;
105;196;61;LIME_TERRACOTTA;
105;196;62;LIME_TERRACOTTA;
105;196;63;LIME_TERRACOTTA;
105;197;57;LIME_TERRACOTTA;
105;197;58;LIME_TERRACOTTA;
105;197;59;LIME_TERRACOTTA;
105;197;60;LIME_TERRACOTTA;
105;197;61;LIME_TERRACOTTA;
105;197;62;LIME_TERRACOTTA;
105;197;63;LIME_TERRACOTTA;
105;198;57;LIME_TERRACOTTA;
105;198;58;LIME_TERRACOTTA;
105;198;59;LIME_TERRACOTTA;
105;198;60;LIME_TERRACOTTA;
105;198;61;LIME_TERRACOTTA;
105;198;62;LIME_TERRACOTTA;
105;198;63;LIME_TERRACOTTA;
105;199;57;RED_WOOL;
105;199;58;LIME_TERRACOTTA;
105;199;59;LIME_TERRACOTTA;
105;199;60;LIME_TERRACOTTA;
105;199;61;LIME_TERRACOTTA;
105;199;62;LIME_TERRACOTTA;
105;199;63;RED_WOOL;
105;200;57;RED_WOOL;
105;200;58;RED_WOOL;
105;200;59;LIME_TERRACOTTA;
105;200;60;LIME_TERRACOTTA;
105;200;61;LIME_TERRACOTTA;
105;200;62;RED_WOOL;
105;200;63;RED_WOOL;
105;201;57;RED_WOOL;
105;201;58;RED_WOOL;
105;201;59;RED_WOOL;
105;201;60;RED_WOOL;
105;201;61;RED_WOOL;
105;201;62;RED_WOOL;
105;201;63;RED_WOOL;
105;202;57;RED_WOOL;
105;202;58;RED_WOOL;
105;202;59;RED_WOOL;
105;202;60;RED_WOOL;
105;202;61;RED_WOOL;
105;202;62;RED_WOOL;
105;202;63;RED_WOOL;
106;173;57;LIGHT_GRAY_WOOL;
106;173;58;LIGHT_GRAY_WOOL;
106;173;59;LIGHT_GRAY_WOOL;
106;173;60;LIGHT_GRAY_WOOL;
106;173;61;LIGHT_GRAY_WOOL;
106;173;62;LIGHT_GRAY_WOOL;
106;173;63;LIGHT_GRAY_WOOL;
106;174;57;LIGHT_GRAY_WOOL;
106;174;58;LIGHT_GRAY_WOOL;
106;174;59;LIGHT_GRAY_WOOL;
106;174;60;LIGHT_GRAY_WOOL;
106;174;61;LIGHT_GRAY_WOOL;
106;174;62;LIGHT_GRAY_WOOL;
106;174;63;LIGHT_GRAY_WOOL;
106;175;57;LIGHT_GRAY_WOOL;
106;175;58;LIGHT_GRAY_WOOL;
106;175;59;LIGHT_GRAY_WOOL;
106;175;60;LIGHT_GRAY_WOOL;
106;175;61;LIGHT_GRAY_WOOL;
106;175;62;LIGHT_GRAY_WOOL;
106;175;63;LIGHT_GRAY_WOOL;
106;176;57;LIGHT_GRAY_WOOL;
106;176;58;LIGHT_GRAY_WOOL;
106;176;59;LIGHT_GRAY_WOOL;
106;176;60;LIGHT_GRAY_WOOL;
106;176;61;LIGHT_GRAY_WOOL;
106;176;62;LIGHT_GRAY_WOOL;
106;176;63;LIGHT_GRAY_WOOL;
106;177;57;LIGHT_GRAY_WOOL;
106;177;58;LIGHT_GRAY_WOOL;
106;177;59;LIGHT_GRAY_WOOL;
106;177;60;LIGHT_GRAY_WOOL;
106;177;61;LIGHT_GRAY_WOOL;
106;177;62;LIGHT_GRAY_WOOL;
106;177;63;LIGHT_GRAY_WOOL;
106;178;57;LIGHT_GRAY_WOOL;
106;178;58;LIGHT_GRAY_WOOL;
106;178;59;LIGHT_GRAY_WOOL;
106;178;60;LIGHT_GRAY_WOOL;
106;178;61;LIGHT_GRAY_WOOL;
106;178;62;LIGHT_GRAY_WOOL;
106;178;63;LIGHT_GRAY_WOOL;
106;179;57;LIGHT_GRAY_WOOL;
106;179;58;LIGHT_GRAY_WOOL;
106;179;59;LIGHT_GRAY_WOOL;
106;179;60;LIGHT_GRAY_WOOL;
106;179;61;LIGHT_GRAY_WOOL;
106;179;62;LIGHT_GRAY_WOOL;
106;179;63;LIGHT_GRAY_WOOL;
106;180;57;LIGHT_GRAY_WOOL;
106;180;58;LIGHT_GRAY_WOOL;
106;180;59;LIGHT_GRAY_WOOL;
106;180;60;LIGHT_GRAY_WOOL;
106;180;61;LIGHT_GRAY_WOOL;
106;180;62;LIGHT_GRAY_WOOL;
106;180;63;LIGHT_GRAY_WOOL;
106;181;57;LIGHT_GRAY_WOOL;
106;181;58;LIGHT_GRAY_WOOL;
106;181;59;LIGHT_GRAY_WOOL;
106;181;60;LIGHT_GRAY_WOOL;
106;181;61;LIGHT_GRAY_WOOL;
106;181;62;LIGHT_GRAY_WOOL;
106;181;63;LIGHT_GRAY_WOOL;
106;182;57;LIGHT_GRAY_WOOL;
106;182;58;LIGHT_GRAY_WOOL;
106;182;59;LIGHT_GRAY_WOOL;
106;182;60;LIGHT_GRAY_WOOL;
106;182;61;LIGHT_GRAY_WOOL;
106;182;62;LIGHT_GRAY_WOOL;
106;182;63;LIGHT_GRAY_WOOL;
106;183;57;DIRT;
106;183;58;LIGHT_GRAY_WOOL;
106;183;59;LIGHT_GRAY_WOOL;
106;183;60;LIGHT_GRAY_WOOL;
106;183;61;LIGHT_GRAY_WOOL;
106;183;62;LIGHT_GRAY_WOOL;
106;183;63;DIRT;
106;184;57;DIRT;
106;184;58;DIRT;
106;184;59;LIGHT_GRAY_WOOL;
106;184;60;LIGHT_GRAY_WOOL;
106;184;61;LIGHT_GRAY_WOOL;
106;184;62;DIRT;
106;184;63;DIRT;
106;185;57;DIRT;
106;185;58;DIRT;
106;185;59;DIRT;
106;185;60;DIRT;
106;185;61;DIRT;
106;185;62;DIRT;
106;185;63;DIRT;
106;186;57;DIRT;
106;186;58;DIRT;
106;186;59;DIRT;
106;186;60;DIRT;
106;186;61;DIRT;
106;186;62;DIRT;
106;186;63;DIRT;
106;187;57;LIME_TERRACOTTA;
106;187;58;DIRT;
106;187;59;DIRT;
106;187;60;DIRT;
106;187;61;DIRT;
106;187;62;DIRT;
106;187;63;LIME_TERRACOTTA;
106;188;57;LIME_TERRACOTTA;
106;188;58;LIME_TERRACOTTA;
106;188;59;DIRT;
106;188;60;DIRT;
106;188;61;DIRT;
106;188;62;LIME_TERRACOTTA;
106;188;63;LIME_TERRACOTTA;
106;189;57;LIME_TERRACOTTA;
106;189;58;LIME_TERRACOTTA;
106;189;59;LIME_TERRACOTTA;
106;189;60;DIRT;
106;189;61;LIME_TERRACOTTA;
106;189;62;LIME_TERRACOTTA;
106;189;63;LIME_TERRACOTTA;
106;190;57;LIME_TERRACOTTA;
106;190;58;LIME_TERRACOTTA;
106;190;59;LIME_TERRACOTTA;
106;190;60;LIME_TERRACOTTA;
106;190;61;LIME_TERRACOTTA;
106;190;62;LIME_TERRACOTTA;
106;190;63;LIME_TERRACOTTA;
106;191;57;LIME_TERRACOTTA;
106;191;58;LIME_TERRACOTTA;
106;191;59;LIME_TERRACOTTA;
106;191;60;LIME_TERRACOTTA;
106;191;61;LIME_TERRACOTTA;
106;191;62;LIME_TERRACOTTA;
106;191;63;LIME_TERRACOTTA;
106;192;57;LIME_TERRACOTTA;
106;192;58;LIME_TERRACOTTA;
106;192;59;LIME_TERRACOTTA;
106;192;60;LIME_TERRACOTTA;
106;192;61;LIME_TERRACOTTA;
106;192;62;LIME_TERRACOTTA;
106;192;63;LIME_TERRACOTTA;
106;193;57;LIME_TERRACOTTA;
106;193;58;LIME_TERRACOTTA;
106;193;59;LIME_TERRACOTTA;
106;193;60;LIME_TERRACOTTA;
106;193;61;LIME_TERRACOTTA;
106;193;62;LIME_TERRACOTTA;
106;193;63;LIME_TERRACOTTA;
106;194;57;LIME_TERRACOTTA;
106;194;58;LIME_TERRACOTTA;
106;194;59;LIME_TERRACOTTA;
106;194;60;LIME_TERRACOTTA;
106;194;61;LIME_TERRACOTTA;
106;194;62;LIME_TERRACOTTA;
106;194;63;LIME_TERRACOTTA;
106;195;57;LIME_TERRACOTTA;
106;195;58;LIME_TERRACOTTA;
106;195;59;LIME_TERRACOTTA;
106;195;60;LIME_TERRACOTTA;
106;195;61;LIME_TERRACOTTA;
106;195;62;LIME_TERRACOTTA;
106;195;63;LIME_TERRACOTTA;
106;196;57;LIME_TERRACOTTA;
106;196;58;LIME_TERRACOTTA;
106;196;59;LIME_TERRACOTTA;
106;196;60;LIME_TERRACOTTA;
106;196;61;LIME_TERRACOTTA;
106;196;62;LIME_TERRACOTTA;
106;196;63;LIME_TERRACOTTA;
106;197;57;LIME_TERRACOTTA;
106;197;58;LIME_TERRACOTTA;
106;197;59;LIME_TERRACOTTA;
106;197;60;LIME_TERRACOTTA;
106;197;61;LIME_TERRACOTTA;
106;197;62;LIME_TERRACOTTA;
106;197;63;LIME_TERRACOTTA;
106;198;57;LIME_TERRACOTTA;
106;198;58;LIME_TERRACOTTA;
106;198;59;LIME_TERRACOTTA;
106;198;60;LIME_TERRACOTTA;
106;198;61;LIME_TERRACOTTA;
106;198;62;LIME_TERRACOTTA;
106;198;63;LIME_TERRACOTTA;
106;199;57;RED_WOOL;
106;199;58;LIME_TERRACOTTA;
106;199;59;LIME_TERRACOTTA;
106;199;60;LIME_TERRACOTTA;
106;199;61;LIME_TERRACOTTA;
106;199;62;LIME_TERRACOTTA;
106;199;63;RED_WOOL;
106;200;57;RED_WOOL;
106;200;58;RED_WOOL;
106;200;59;LIME_TERRACOTTA;
106;200;60;LIME_TERRACOTTA;
106;200;61;LIME_TERRACOTTA;
106;200;62;RED_WOOL;
106;200;63;RED_WOOL;
106;201;57;RED_WOOL;
106;201;58;RED_WOOL;
106;201;59;RED_WOOL;
106;201;60;RED_WOOL;
106;201;61;RED_WOOL;
106;201;62;RED_WOOL;
106;201;63;RED_WOOL;
106;202;57;RED_WOOL;
106;202;58;RED_WOOL;
106;202;59;RED_WOOL;
106;202;60;RED_WOOL;
106;202;61;RED_WOOL;
106;202;62;RED_WOOL;
106;202;63;RED_WOOL;
107;173;57;LIGHT_GRAY_WOOL;
107;173;58;LIGHT_GRAY_WOOL;
107;173;59;LIGHT_GRAY_WOOL;
107;173;60;LIGHT_GRAY_WOOL;
107;173;61;LIGHT_GRAY_WOOL;
107;173;62;LIGHT_GRAY_WOOL;
107;173;63;LIGHT_GRAY_WOOL;
107;174;57;LIGHT_GRAY_WOOL;
107;174;58;LIGHT_GRAY_WOOL;
107;174;59;LIGHT_GRAY_WOOL;
107;174;60;LIGHT_GRAY_WOOL;
107;174;61;LIGHT_GRAY_WOOL;
107;174;62;LIGHT_GRAY_WOOL;
107;174;63;LIGHT_GRAY_WOOL;
107;175;57;LIGHT_GRAY_WOOL;
107;175;58;LIGHT_GRAY_WOOL;
107;175;59;LIGHT_GRAY_WOOL;
107;175;60;LIGHT_GRAY_WOOL;
107;175;61;LIGHT_GRAY_WOOL;
107;175;62;LIGHT_GRAY_WOOL;
107;175;63;LIGHT_GRAY_WOOL;
107;176;57;LIGHT_GRAY_WOOL;
107;176;58;LIGHT_GRAY_WOOL;
107;176;59;LIGHT_GRAY_WOOL;
107;176;60;LIGHT_GRAY_WOOL;
107;176;61;LIGHT_GRAY_WOOL;
107;176;62;LIGHT_GRAY_WOOL;
107;176;63;LIGHT_GRAY_WOOL;
107;177;57;LIGHT_GRAY_WOOL;
107;177;58;LIGHT_GRAY_WOOL;
107;177;59;LIGHT_GRAY_WOOL;
107;177;60;LIGHT_GRAY_WOOL;
107;177;61;LIGHT_GRAY_WOOL;
107;177;62;LIGHT_GRAY_WOOL;
107;177;63;LIGHT_GRAY_WOOL;
107;178;57;LIGHT_GRAY_WOOL;
107;178;58;LIGHT_GRAY_WOOL;
107;178;59;LIGHT_GRAY_WOOL;
107;178;60;LIGHT_GRAY_WOOL;
107;178;61;LIGHT_GRAY_WOOL;
107;178;62;LIGHT_GRAY_WOOL;
107;178;63;LIGHT_GRAY_WOOL;
107;179;57;LIGHT_GRAY_WOOL;
107;179;58;LIGHT_GRAY_WOOL;
107;179;59;LIGHT_GRAY_WOOL;
107;179;60;LIGHT_GRAY_WOOL;
107;179;61;LIGHT_GRAY_WOOL;
107;179;62;LIGHT_GRAY_WOOL;
107;179;63;LIGHT_GRAY_WOOL;
107;180;57;LIGHT_GRAY_WOOL;
107;180;58;LIGHT_GRAY_WOOL;
107;180;59;LIGHT_GRAY_WOOL;
107;180;60;LIGHT_GRAY_WOOL;
107;180;61;LIGHT_GRAY_WOOL;
107;180;62;LIGHT_GRAY_WOOL;
107;180;63;LIGHT_GRAY_WOOL;
107;181;57;LIGHT_GRAY_WOOL;
107;181;58;LIGHT_GRAY_WOOL;
107;181;59;LIGHT_GRAY_WOOL;
107;181;60;LIGHT_GRAY_WOOL;
107;181;61;LIGHT_GRAY_WOOL;
107;181;62;LIGHT_GRAY_WOOL;
107;181;63;LIGHT_GRAY_WOOL;
107;182;57;LIGHT_GRAY_WOOL;
107;182;58;LIGHT_GRAY_WOOL;
107;182;59;LIGHT_GRAY_WOOL;
107;182;60;LIGHT_GRAY_WOOL;
107;182;61;LIGHT_GRAY_WOOL;
107;182;62;LIGHT_GRAY_WOOL;
107;182;63;LIGHT_GRAY_WOOL;
107;183;57;DIRT;
107;183;58;LIGHT_GRAY_WOOL;
107;183;59;LIGHT_GRAY_WOOL;
107;183;60;LIGHT_GRAY_WOOL;
107;183;61;LIGHT_GRAY_WOOL;
107;183;62;LIGHT_GRAY_WOOL;
107;183;63;DIRT;
107;184;57;DIRT;
107;184;58;DIRT;
107;184;59;LIGHT_GRAY_WOOL;
107;184;60;LIGHT_GRAY_WOOL;
107;184;61;LIGHT_GRAY_WOOL;
107;184;62;DIRT;
107;184;63;DIRT;
107;185;57;DIRT;
107;185;58;DIRT;
107;185;59;DIRT;
107;185;60;DIRT;
107;185;61;DIRT;
107;185;62;DIRT;
107;185;63;DIRT;
107;186;57;DIRT;
107;186;58;DIRT;
107;186;59;DIRT;
107;186;60;DIRT;
107;186;61;DIRT;
107;186;62;DIRT;
107;186;63;DIRT;
107;187;57;LIME_TERRACOTTA;
107;187;58;DIRT;
107;187;59;DIRT;
107;187;60;DIRT;
107;187;61;DIRT;
107;187;62;DIRT;
107;187;63;LIME_TERRACOTTA;
107;188;57;LIME_TERRACOTTA;
107;188;58;LIME_TERRACOTTA;
107;188;59;DIRT;
107;188;60;DIRT;
107;188;61;DIRT;
107;188;62;LIME_TERRACOTTA;
107;188;63;LIME_TERRACOTTA;
107;189;57;LIME_TERRACOTTA;
107;189;58;LIME_TERRACOTTA;
107;189;59;LIME_TERRACOTTA;
107;189;60;DIRT;
107;189;61;LIME_TERRACOTTA;
107;189;62;LIME_TERRACOTTA;
107;189;63;LIME_TERRACOTTA;
107;190;57;LIME_TERRACOTTA;
107;190;58;LIME_TERRACOTTA;
107;190;59;LIME_TERRACOTTA;
107;190;60;LIME_TERRACOTTA;
107;190;61;LIME_TERRACOTTA;
107;190;62;LIME_TERRACOTTA;
107;190;63;LIME_TERRACOTTA;
107;191;57;LIME_TERRACOTTA;
107;191;58;LIME_TERRACOTTA;
107;191;59;LIME_TERRACOTTA;
107;191;60;LIME_TERRACOTTA;
107;191;61;LIME_TERRACOTTA;
107;191;62;LIME_TERRACOTTA;
107;191;63;LIME_TERRACOTTA;
107;192;57;LIME_TERRACOTTA;
107;192;58;LIME_TERRACOTTA;
107;192;59;LIME_TERRACOTTA;
107;192;60;LIME_TERRACOTTA;
107;192;61;LIME_TERRACOTTA;
107;192;62;LIME_TERRACOTTA;
107;192;63;LIME_TERRACOTTA;
107;193;57;LIME_TERRACOTTA;
107;193;58;LIME_TERRACOTTA;
107;193;59;LIME_TERRACOTTA;
107;193;60;LIME_TERRACOTTA;
107;193;61;LIME_TERRACOTTA;
107;193;62;LIME_TERRACOTTA;
107;193;63;LIME_TERRACOTTA;
107;194;57;LIME_TERRACOTTA;
107;194;58;LIME_TERRACOTTA;
107;194;59;LIME_TERRACOTTA;
107;194;60;LIME_TERRACOTTA;
107;194;61;LIME_TERRACOTTA;
107;194;62;LIME_TERRACOTTA;
107;194;63;LIME_TERRACOTTA;
107;195;57;LIME_TERRACOTTA;
107;195;58;LIME_TERRACOTTA;
107;195;59;LIME_TERRACOTTA;
107;195;60;LIME_TERRACOTTA;
107;195;61;LIME_TERRACOTTA;
107;195;62;LIME_TERRACOTTA;
107;195;63;LIME_TERRACOTTA;
107;196;57;LIME_TERRACOTTA;
107;196;58;LIME_TERRACOTTA;
107;196;59;LIME_TERRACOTTA;
107;196;60;LIME_TERRACOTTA;
107;196;61;LIME_TERRACOTTA;
107;196;62;LIME_TERRACOTTA;
107;196;63;LIME_TERRACOTTA;
107;197;57;LIME_TERRACOTTA;
107;197;58;LIME_TERRACOTTA;
107;197;59;LIME_TERRACOTTA;
107;197;60;LIME_TERRACOTTA;
107;197;61;LIME_TERRACOTTA;
107;197;62;LIME_TERRACOTTA;
107;197;63;LIME_TERRACOTTA;
107;198;57;LIME_TERRACOTTA;
107;198;58;LIME_TERRACOTTA;
107;198;59;LIME_TERRACOTTA;
107;198;60;LIME_TERRACOTTA;
107;198;61;LIME_TERRACOTTA;
107;198;62;LIME_TERRACOTTA;
107;198;63;LIME_TERRACOTTA;
107;199;57;RED_WOOL;
107;199;58;LIME_TERRACOTTA;
107;199;59;LIME_TERRACOTTA;
107;199;60;LIME_TERRACOTTA;
107;199;61;LIME_TERRACOTTA;
107;199;62;LIME_TERRACOTTA;
107;199;63;RED_WOOL;
107;200;57;RED_WOOL;
107;200;58;RED_WOOL;
107;200;59;LIME_TERRACOTTA;
107;200;60;LIME_TERRACOTTA;
107;200;61;LIME_TERRACOTTA;
107;200;62;RED_WOOL;
107;200;63;RED_WOOL;
107;201;57;RED_WOOL;
107;201;58;RED_WOOL;
107;201;59;RED_WOOL;
107;201;60;RED_WOOL;
107;201;61;RED_WOOL;
107;201;62;RED_WOOL;
107;201;63;RED_WOOL;
107;202;57;RED_WOOL;
107;202;58;RED_WOOL;
107;202;59;RED_WOOL;
107;202;60;RED_WOOL;
107;202;61;RED_WOOL;
107;202;62;RED_WOOL;
107;202;63;RED_WOOL;
