151;173;48;PINK_WOOL;
151;173;49;PINK_WOOL;
151;173;50;PINK_WOOL;
151;173;51;PINK_WOOL;
151;173;52;PINK_WOOL;
151;173;53;PINK_WOOL;
151;173;54;PINK_WOOL;
151;174;48;PINK_WOOL;
151;174;49;PINK_WOOL;
151;174;50;PINK_WOOL;
151;174;51;PINK_WOOL;
151;174;52;PINK_WOOL;
151;174;53;PINK_WOOL;
151;174;54;PINK_WOOL;
151;175;48;PINK_WOOL;
151;175;49;PINK_WOOL;
151;175;50;PINK_WOOL;
151;175;51;PINK_WOOL;
151;175;52;PINK_WOOL;
151;175;53;PINK_WOOL;
151;175;54;PINK_WOOL;
151;176;48;PINK_WOOL;
151;176;49;PINK_WOOL;
151;176;50;PINK_WOOL;
151;176;51;PINK_WOOL;
151;176;52;PINK_WOOL;
151;176;53;PINK_WOOL;
151;176;54;PINK_WOOL;
151;177;48;PINK_WOOL;
151;177;49;PINK_WOOL;
151;177;50;PINK_WOOL;
151;177;51;PINK_WOOL;
151;177;52;PINK_WOOL;
151;177;53;PINK_WOOL;
151;177;54;PINK_WOOL;
151;178;48;PINK_WOOL;
151;178;49;PINK_WOOL;
151;178;50;PINK_WOOL;
151;178;51;PINK_WOOL;
151;178;52;PINK_WOOL;
151;178;53;PINK_WOOL;
151;178;54;PINK_WOOL;
151;179;48;PINK_WOOL;
151;179;49;PINK_WOOL;
151;179;50;PINK_WOOL;
151;179;51;PINK_WOOL;
151;179;52;PINK_WOOL;
151;179;53;PINK_WOOL;
151;179;54;PINK_WOOL;
151;180;48;PINK_WOOL;
151;180;49;PINK_WOOL;
151;180;50;PINK_WOOL;
151;180;51;PINK_WOOL;
151;180;52;PINK_WOOL;
151;180;53;PINK_WOOL;
151;180;54;PINK_WOOL;
151;181;48;PINK_WOOL;
151;181;49;PINK_WOOL;
151;181;50;PINK_WOOL;
151;181;51;PINK_WOOL;
151;181;52;PINK_WOOL;
151;181;53;PINK_WOOL;
151;181;54;PINK_WOOL;
151;182;48;BLUE_TERRACOTTA;
151;182;49;BLUE_TERRACOTTA;
151;182;50;BLUE_TERRACOTTA;
151;182;51;BLUE_TERRACOTTA;
151;182;52;BLUE_TERRACOTTA;
151;182;53;BLUE_TERRACOTTA;
151;182;54;BLUE_TERRACOTTA;
151;183;48;BLUE_TERRACOTTA;
151;183;49;BLUE_TERRACOTTA;
151;183;50;BLUE_TERRACOTTA;
151;183;51;BLUE_TERRACOTTA;
151;183;52;BLUE_TERRACOTTA;
151;183;53;BLUE_TERRACOTTA;
151;183;54;BLUE_TERRACOTTA;
151;184;48;BLUE_TERRACOTTA;
151;184;49;BLUE_TERRACOTTA;
151;184;50;BLUE_TERRACOTTA;
151;184;51;BLUE_TERRACOTTA;
151;184;52;BLUE_TERRACOTTA;
151;184;53;BLUE_TERRACOTTA;
151;184;54;BLUE_TERRACOTTA;
151;185;48;BLUE_TERRACOTTA;
151;185;49;BLUE_TERRACOTTA;
151;185;50;BLUE_TERRACOTTA;
151;185;51;BLUE_TERRACOTTA;
151;185;52;BLUE_TERRACOTTA;
151;185;53;BLUE_TERRACOTTA;
151;185;54;BLUE_TERRACOTTA;
151;186;48;BLUE_TERRACOTTA;
151;186;49;BLUE_TERRACOTTA;
151;186;50;BLUE_TERRACOTTA;
151;186;51;BLUE_TERRACOTTA;
151;186;52;BLUE_TERRACOTTA;
151;186;53;BLUE_TERRACOTTA;
151;186;54;BLUE_TERRACOTTA;
151;187;48;BLUE_TERRACOTTA;
151;187;49;BLUE_TERRACOTTA;
151;187;50;BLUE_TERRACOTTA;
151;187;51;BLUE_TERRACOTTA;
151;187;52;BLUE_TERRACOTTA;
151;187;53;BLUE_TERRACOTTA;
151;187;54;BLUE_TERRACOTTA;
151;188;48;BLUE_TERRACOTTA;
151;188;49;BLUE_TERRACOTTA;
151;188;50;BLUE_TERRACOTTA;
151;188;51;BLUE_TERRACOTTA;
151;188;52;BLUE_TERRACOTTA;
151;188;53;BLUE_TERRACOTTA;
151;188;54;BLUE_TERRACOTTA;
151;189;48;BLUE_TERRACOTTA;
151;189;49;BLUE_TERRACOTTA;
151;189;50;BLUE_TERRACOTTA;
151;189;51;BLUE_TERRACOTTA;
151;189;52;BLUE_TERRACOTTA;
151;189;53;BLUE_TERRACOTTA;
151;189;54;BLUE_TERRACOTTA;
151;190;48;BLUE_TERRACOTTA;
151;190;49;BLUE_TERRACOTTA;
151;190;50;BLUE_TERRACOTTA;
151;190;51;BLUE_TERRACOTTA;
151;190;52;BLUE_TERRACOTTA;
151;190;53;BLUE_TERRACOTTA;
151;190;54;BLUE_TERRACOTTA;
151;191;48;BLUE_TERRACOTTA;
151;191;49;BLUE_TERRACOTTA;
151;191;50;BLUE_TERRACOTTA;
151;191;51;BLUE_TERRACOTTA;
151;191;52;BLUE_TERRACOTTA;
151;191;53;BLUE_TERRACOTTA;
151;191;54;BLUE_TERRACOTTA;
151;192;48;BLUE_TERRACOTTA;
151;192;49;BLUE_TERRACOTTA;
151;192;50;BLUE_TERRACOTTA;
151;192;51;BLUE_TERRACOTTA;
151;192;52;BLUE_TERRACOTTA;
151;192;53;BLUE_TERRACOTTA;
151;192;54;BLUE_TERRACOTTA;
151;193;48;BLUE_TERRACOTTA;
151;193;49;BLUE_TERRACOTTA;
151;193;50;BLUE_TERRACOTTA;
151;193;51;BLUE_TERRACOTTA;
151;193;52;BLUE_TERRACOTTA;
151;193;53;BLUE_TERRACOTTA;
151;193;54;BLUE_TERRACOTTA;
151;194;48;BLUE_TERRACOTTA;
151;194;49;BLUE_TERRACOTTA;
151;194;50;BLUE_TERRACOTTA;
151;194;51;BLUE_TERRACOTTA;
151;194;52;BLUE_TERRACOTTA;
151;194;53;BLUE_TERRACOTTA;
151;194;54;BLUE_TERRACOTTA;
151;195;48;BLUE_TERRACOTTA;
151;195;49;BLUE_TERRACOTTA;
151;195;50;BLUE_TERRACOTTA;
151;195;51;BLUE_TERRACOTTA;
151;195;52;BLUE_TERRACOTTA;
151;195;53;BLUE_TERRACOTTA;
151;195;54;BLUE_TERRACOTTA;
151;196;48;BLUE_TERRACOTTA;
151;196;49;BLUE_TERRACOTTA;
151;196;50;BLUE_TERRACOTTA;
151;196;51;BLUE_TERRACOTTA;
151;196;52;BLUE_TERRACOTTA;
151;196;53;BLUE_TERRACOTTA;
151;196;54;BLUE_TERRACOTTA;
151;197;48;MAGENTA_WOOL;
151;197;49;MAGENTA_WOOL;
151;197;50;MAGENTA_WOOL;
151;197;51;MAGENTA_WOOL;
151;197;52;MAGENTA_WOOL;
151;197;53;MAGENTA_WOOL;
151;197;54;MAGENTA_WOOL;
151;198;48;MAGENTA_WOOL;
151;198;49;MAGENTA_WOOL;
151;198;50;MAGENTA_WOOL;
151;198;51;MAGENTA_WOOL;
151;198;52;MAGENTA_WOOL;
151;198;53;MAGENTA_WOOL;
151;198;54;MAGENTA_WOOL;
151;199;48;MAGENTA_WOOL;
151;199;49;MAGENTA_WOOL;
151;199;50;MAGENTA_WOOL;
151;199;51;MAGENTA_WOOL;
151;199;52;MAGENTA_WOOL;
151;199;53;MAGENTA_WOOL;
151;199;54;MAGENTA_WOOL;
151;200;48;MAGENTA_WOOL;
151;200;49;MAGENTA_WOOL;
151;200;50;MAGENTA_WOOL;
151;200;51;MAGENTA_WOOL;
151;200;52;MAGENTA_WOOL;
151;200;53;MAGENTA_WOOL;
151;200;54;MAGENTA_WOOL;
151;201;48;RED_WOOL;
151;201;49;RED_WOOL;
151;201;50;RED_WOOL;
151;201;51;RED_WOOL;
151;201;52;RED_WOOL;
151;201;53;RED_WOOL;
151;201;54;RED_WOOL;
151;202;48;RED_WOOL;
151;202;49;RED_WOOL;
151;202;50;RED_WOOL;
151;202;51;RED_WOOL;
151;202;52;RED_WOOL;
151;202;53;RED_WOOL;
151;202;54;RED_WOOL;
152;173;48;PINK_WOOL;
152;173;49;PINK_WOOL;
152;173;50;PINK_WOOL;
152;173;51;PINK_WOOL;
152;173;52;PINK_WOOL;
152;173;53;PINK_WOOL;
152;173;54;PINK_WOOL;
152;174;48;PINK_WOOL;
152;174;49;PINK_WOOL;
152;174;50;PINK_WOOL;
152;174;51;PINK_WOOL;
152;174;52;PINK_WOOL;
152;174;53;PINK_WOOL;
152;174;54;PINK_WOOL;
152;175;48;PINK_WOOL;
152;175;49;PINK_WOOL;
152;175;50;PINK_WOOL;
152;175;51;PINK_WOOL;
152;175;52;PINK_WOOL;
152;175;53;PINK_WOOL;
152;175;54;PINK_WOOL;
152;176;48;PINK_WOOL;
152;176;49;PINK_WOOL;
152;176;50;PINK_WOOL;
152;176;51;PINK_WOOL;
152;176;52;PINK_WOOL;
152;176;53;PINK_WOOL;
152;176;54;PINK_WOOL;
152;177;48;PINK_WOOL;
152;177;49;PINK_WOOL;
152;177;50;PINK_WOOL;
152;177;51;PINK_WOOL;
152;177;52;PINK_WOOL;
152;177;53;PINK_WOOL;
152;177;54;PINK_WOOL;
152;178;48;PINK_WOOL;
152;178;49;PINK_WOOL;
152;178;50;PINK_WOOL;
152;178;51;PINK_WOOL;
152;178;52;PINK_WOOL;
152;178;53;PINK_WOOL;
152;178;54;PINK_WOOL;
152;179;48;PINK_WOOL;
152;179;49;PINK_WOOL;
152;179;50;PINK_WOOL;
152;179;51;PINK_WOOL;
152;179;52;PINK_WOOL;
152;179;53;PINK_WOOL;
152;179;54;PINK_WOOL;
152;180;48;PINK_WOOL;
152;180;49;PINK_WOOL;
152;180;50;PINK_WOOL;
152;180;51;PINK_WOOL;
152;180;52;PINK_WOOL;
152;180;53;PINK_WOOL;
152;180;54;PINK_WOOL;
152;181;48;PINK_WOOL;
152;181;49;PINK_WOOL;
152;181;50;PINK_WOOL;
152;181;51;PINK_WOOL;
152;181;52;PINK_WOOL;
152;181;53;PINK_WOOL;
152;181;54;PINK_WOOL;
152;182;48;BLUE_TERRACOTTA;
152;182;49;BLUE_TERRACOTTA;
152;182;50;BLUE_TERRACOTTA;
152;182;51;BLUE_TERRACOTTA;
152;182;52;BLUE_TERRACOTTA;
152;182;53;BLUE_TERRACOTTA;
152;182;54;BLUE_TERRACOTTA;
152;183;48;BLUE_TERRACOTTA;
152;183;49;BLUE_TERRACOTTA;
152;183;50;BLUE_TERRACOTTA;
152;183;51;BLUE_TERRACOTTA;
152;183;52;BLUE_TERRACOTTA;
152;183;53;BLUE_TERRACOTTA;
152;183;54;BLUE_TERRACOTTA;
152;184;48;BLUE_TERRACOTTA;
152;184;49;BLUE_TERRACOTTA;
152;184;50;BLUE_TERRACOTTA;
152;184;51;BLUE_TERRACOTTA;
152;184;52;BLUE_TERRACOTTA;
152;184;53;BLUE_TERRACOTTA;
152;184;54;BLUE_TERRACOTTA;
152;185;48;BLUE_TERRACOTTA;
152;185;49;BLUE_TERRACOTTA;
152;185;50;BLUE_TERRACOTTA;
152;185;51;BLUE_TERRACOTTA;
152;185;52;BLUE_TERRACOTTA;
152;185;53;BLUE_TERRACOTTA;
152;185;54;BLUE_TERRACOTTA;
152;186;48;BLUE_TERRACOTTA;
152;186;49;BLUE_TERRACOTTA;
152;186;50;BLUE_TERRACOTTA;
152;186;51;BLUE_TERRACOTTA;
152;186;52;BLUE_TERRACOTTA;
152;186;53;BLUE_TERRACOTTA;
152;186;54;BLUE_TERRACOTTA;
152;187;48;BLUE_TERRACOTTA;
152;187;49;BLUE_TERRACOTTA;
152;187;50;BLUE_TERRACOTTA;
152;187;51;BLUE_TERRACOTTA;
152;187;52;BLUE_TERRACOTTA;
152;187;53;BLUE_TERRACOTTA;
152;187;54;BLUE_TERRACOTTA;
152;188;48;BLUE_TERRACOTTA;
152;188;49;BLUE_TERRACOTTA;
152;188;50;BLUE_TERRACOTTA;
152;188;51;BLUE_TERRACOTTA;
152;188;52;BLUE_TERRACOTTA;
152;188;53;BLUE_TERRACOTTA;
152;188;54;BLUE_TERRACOTTA;
152;189;48;BLUE_TERRACOTTA;
152;189;49;BLUE_TERRACOTTA;
152;189;50;BLUE_TERRACOTTA;
152;189;51;BLUE_TERRACOTTA;
152;189;52;BLUE_TERRACOTTA;
152;189;53;BLUE_TERRACOTTA;
152;189;54;BLUE_TERRACOTTA;
152;190;48;BLUE_TERRACOTTA;
152;190;49;BLUE_TERRACOTTA;
152;190;50;BLUE_TERRACOTTA;
152;190;51;BLUE_TERRACOTTA;
152;190;52;BLUE_TERRACOTTA;
152;190;53;BLUE_TERRACOTTA;
152;190;54;BLUE_TERRACOTTA;
152;191;48;BLUE_TERRACOTTA;
152;191;49;BLUE_TERRACOTTA;
152;191;50;BLUE_TERRACOTTA;
152;191;51;BLUE_TERRACOTTA;
152;191;52;BLUE_TERRACOTTA;
152;191;53;BLUE_TERRACOTTA;
152;191;54;BLUE_TERRACOTTA;
152;192;48;BLUE_TERRACOTTA;
152;192;49;BLUE_TERRACOTTA;
152;192;50;BLUE_TERRACOTTA;
152;192;51;BLUE_TERRACOTTA;
152;192;52;BLUE_TERRACOTTA;
152;192;53;BLUE_TERRACOTTA;
152;192;54;BLUE_TERRACOTTA;
152;193;48;BLUE_TERRACOTTA;
152;193;49;BLUE_TERRACOTTA;
152;193;50;BLUE_TERRACOTTA;
152;193;51;BLUE_TERRACOTTA;
152;193;52;BLUE_TERRACOTTA;
152;193;53;BLUE_TERRACOTTA;
152;193;54;BLUE_TERRACOTTA;
152;194;48;BLUE_TERRACOTTA;
152;194;49;BLUE_TERRACOTTA;
152;194;50;BLUE_TERRACOTTA;
152;194;51;BLUE_TERRACOTTA;
152;194;52;BLUE_TERRACOTTA;
152;194;53;BLUE_TERRACOTTA;
152;194;54;BLUE_TERRACOTTA;
152;195;48;BLUE_TERRACOTTA;
152;195;49;BLUE_TERRACOTTA;
152;195;50;BLUE_TERRACOTTA;
152;195;51;BLUE_TERRACOTTA;
152;195;52;BLUE_TERRACOTTA;
152;195;53;BLUE_TERRACOTTA;
152;195;54;BLUE_TERRACOTTA;
152;196;48;BLUE_TERRACOTTA;
152;196;49;BLUE_TERRACOTTA;
152;196;50;BLUE_TERRACOTTA;
152;196;51;BLUE_TERRACOTTA;
152;196;52;BLUE_TERRACOTTA;
152;196;53;BLUE_TERRACOTTA;
152;196;54;BLUE_TERRACOTTA;
152;197;48;MAGENTA_WOOL;
152;197;49;MAGENTA_WOOL;
152;197;50;MAGENTA_WOOL;
152;197;51;MAGENTA_WOOL;
152;197;52;MAGENTA_WOOL;
152;197;53;MAGENTA_WOOL;
152;197;54;MAGENTA_WOOL;
152;198;48;MAGENTA_WOOL;
152;198;49;MAGENTA_WOOL;
152;198;50;MAGENTA_WOOL;
152;198;51;MAGENTA_WOOL;
152;198;52;MAGENTA_WOOL;
152;198;53;MAGENTA_WOOL;
152;198;54;MAGENTA_WOOL;
152;199;48;MAGENTA_WOOL;
152;199;49;MAGENTA_WOOL;
152;199;50;MAGENTA_WOOL;
152;199;51;MAGENTA_WOOL;
152;199;52;MAGENTA_WOOL;
152;199;53;MAGENTA_WOOL;
152;199;54;MAGENTA_WOOL;
152;200;48;MAGENTA_WOOL;
152;200;49;MAGENTA_WOOL;
152;200;50;MAGENTA_WOOL;
152;200;51;MAGENTA_WOOL;
152;200;52;MAGENTA_WOOL;
152;200;53;MAGENTA_WOOL;
152;200;54;MAGENTA_WOOL;
152;201;48;RED_WOOL;
152;201;49;RED_WOOL;
152;201;50;RED_WOOL;
152;201;51;RED_WOOL;
152;201;52;RED_WOOL;
152;201;53;RED_WOOL;
152;201;54;RED_WOOL;
152;202;48;RED_WOOL;
152;202;49;RED_WOOL;
152;202;50;RED_WOOL;
152;202;51;RED_WOOL;
152;202;52;RED_WOOL;
152;202;53;RED_WOOL;
152;202;54;RED_WOOL;
153;173;48;PINK_WOOL;
153;173;49;PINK_WOOL;
153;173;50;PINK_WOOL;
153;173;51;PINK_WOOL;
153;173;52;PINK_WOOL;
153;173;53;PINK_WOOL;
153;173;54;PINK_WOOL;
153;174;48;PINK_WOOL;
153;174;49;PINK_WOOL;
153;174;50;PINK_WOOL;
153;174;51;PINK_WOOL;
153;174;52;PINK_WOOL;
153;174;53;PINK_WOOL;
153;174;54;PINK_WOOL;
153;175;48;PINK_WOOL;
153;175;49;PINK_WOOL;
153;175;50;PINK_WOOL;
153;175;51;PINK_WOOL;
153;175;52;PINK_WOOL;
153;175;53;PINK_WOOL;
153;175;54;PINK_WOOL;
153;176;48;PINK_WOOL;
153;176;49;PINK_WOOL;
153;176;50;PINK_WOOL;
153;176;51;PINK_WOOL;
153;176;52;PINK_WOOL;
153;176;53;PINK_WOOL;
153;176;54;PINK_WOOL;
153;177;48;PINK_WOOL;
153;177;49;PINK_WOOL;
153;177;50;PINK_WOOL;
153;177;51;PINK_WOOL;
153;177;52;PINK_WOOL;
153;177;53;PINK_WOOL;
153;177;54;PINK_WOOL;
153;178;48;PINK_WOOL;
153;178;49;PINK_WOOL;
153;178;50;PINK_WOOL;
153;178;51;PINK_WOOL;
153;178;52;PINK_WOOL;
153;178;53;PINK_WOOL;
153;178;54;PINK_WOOL;
153;179;48;PINK_WOOL;
153;179;49;PINK_WOOL;
153;179;50;PINK_WOOL;
153;179;51;PINK_WOOL;
153;179;52;PINK_WOOL;
153;179;53;PINK_WOOL;
153;179;54;PINK_WOOL;
153;180;48;PINK_WOOL;
153;180;49;PINK_WOOL;
153;180;50;PINK_WOOL;
153;180;51;PINK_WOOL;
153;180;52;PINK_WOOL;
153;180;53;PINK_WOOL;
153;180;54;PINK_WOOL;
153;181;48;PINK_WOOL;
153;181;49;PINK_WOOL;
153;181;50;PINK_WOOL;
153;181;51;PINK_WOOL;
153;181;52;PINK_WOOL;
153;181;53;PINK_WOOL;
153;181;54;PINK_WOOL;
153;182;48;BLUE_TERRACOTTA;
153;182;49;BLUE_TERRACOTTA;
153;182;50;BLUE_TERRACOTTA;
153;182;51;BLUE_TERRACOTTA;
153;182;52;BLUE_TERRACOTTA;
153;182;53;BLUE_TERRACOTTA;
153;182;54;BLUE_TERRACOTTA;
153;183;48;BLUE_TERRACOTTA;
153;183;49;BLUE_TERRACOTTA;
153;183;50;BLUE_TERRACOTTA;
153;183;51;BLUE_TERRACOTTA;
153;183;52;BLUE_TERRACOTTA;
153;183;53;BLUE_TERRACOTTA;
153;183;54;BLUE_TERRACOTTA;
153;184;48;BLUE_TERRACOTTA;
153;184;49;BLUE_TERRACOTTA;
153;184;50;BLUE_TERRACOTTA;
153;184;51;BLUE_TERRACOTTA;
153;184;52;BLUE_TERRACOTTA;
153;184;53;BLUE_TERRACOTTA;
153;184;54;BLUE_TERRACOTTA;
153;185;48;BLUE_TERRACOTTA;
153;185;49;BLUE_TERRACOTTA;
153;185;50;BLUE_TERRACOTTA;
153;185;51;BLUE_TERRACOTTA;
153;185;52;BLUE_TERRACOTTA;
153;185;53;BLUE_TERRACOTTA;
153;185;54;BLUE_TERRACOTTA;
153;186;48;BLUE_TERRACOTTA;
153;186;49;BLUE_TERRACOTTA;
153;186;50;BLUE_TERRACOTTA;
153;186;51;BLUE_TERRACOTTA;
153;186;52;BLUE_TERRACOTTA;
153;186;53;BLUE_TERRACOTTA;
153;186;54;BLUE_TERRACOTTA;
153;187;48;BLUE_TERRACOTTA;
153;187;49;BLUE_TERRACOTTA;
153;187;50;BLUE_TERRACOTTA;
153;187;51;BLUE_TERRACOTTA;
153;187;52;BLUE_TERRACOTTA;
153;187;53;BLUE_TERRACOTTA;
153;187;54;BLUE_TERRACOTTA;
153;188;48;BLUE_TERRACOTTA;
153;188;49;BLUE_TERRACOTTA;
153;188;50;BLUE_TERRACOTTA;
153;188;51;BLUE_TERRACOTTA;
153;188;52;BLUE_TERRACOTTA;
153;188;53;BLUE_TERRACOTTA;
153;188;54;BLUE_TERRACOTTA;
153;189;48;BLUE_TERRACOTTA;
153;189;49;BLUE_TERRACOTTA;
153;189;50;BLUE_TERRACOTTA;
153;189;51;BLUE_TERRACOTTA;
153;189;52;BLUE_TERRACOTTA;
153;189;53;BLUE_TERRACOTTA;
153;189;54;BLUE_TERRACOTTA;
153;190;48;BLUE_TERRACOTTA;
153;190;49;BLUE_TERRACOTTA;
153;190;50;BLUE_TERRACOTTA;
153;190;51;BLUE_TERRACOTTA;
153;190;52;BLUE_TERRACOTTA;
153;190;53;BLUE_TERRACOTTA;
153;190;54;BLUE_TERRACOTTA;
153;191;48;BLUE_TERRACOTTA;
153;191;49;BLUE_TERRACOTTA;
153;191;50;BLUE_TERRACOTTA;
153;191;51;BLUE_TERRACOTTA;
153;191;52;BLUE_TERRACOTTA;
153;191;53;BLUE_TERRACOTTA;
153;191;54;BLUE_TERRACOTTA;
153;192;48;BLUE_TERRACOTTA;
153;192;49;BLUE_TERRACOTTA;
153;192;50;BLUE_TERRACOTTA;
153;192;51;BLUE_TERRACOTTA;
153;192;52;BLUE_TERRACOTTA;
153;192;53;BLUE_TERRACOTTA;
153;192;54;BLUE_TERRACOTTA;
153;193;48;BLUE_TERRACOTTA;
153;193;49;BLUE_TERRACOTTA;
153;193;50;BLUE_TERRACOTTA;
153;193;51;BLUE_TERRACOTTA;
153;193;52;BLUE_TERRACOTTA;
153;193;53;BLUE_TERRACOTTA;
153;193;54;BLUE_TERRACOTTA;
153;194;48;BLUE_TERRACOTTA;
153;194;49;BLUE_TERRACOTTA;
153;194;50;BLUE_TERRACOTTA;
153;194;51;BLUE_TERRACOTTA;
153;194;52;BLUE_TERRACOTTA;
153;194;53;BLUE_TERRACOTTA;
153;194;54;BLUE_TERRACOTTA;
153;195;48;BLUE_TERRACOTTA;
153;195;49;BLUE_TERRACOTTA;
153;195;50;BLUE_TERRACOTTA;
153;195;51;BLUE_TERRACOTTA;
153;195;52;BLUE_TERRACOTTA;
153;195;53;BLUE_TERRACOTTA;
153;195;54;BLUE_TERRACOTTA;
153;196;48;BLUE_TERRACOTTA;
153;196;49;BLUE_TERRACOTTA;
153;196;50;BLUE_TERRACOTTA;
153;196;51;BLUE_TERRACOTTA;
153;196;52;BLUE_TERRACOTTA;
153;196;53;BLUE_TERRACOTTA;
153;196;54;BLUE_TERRACOTTA;
153;197;48;MAGENTA_WOOL;
153;197;49;MAGENTA_WOOL;
153;197;50;MAGENTA_WOOL;
153;197;51;MAGENTA_WOOL;
153;197;52;MAGENTA_WOOL;
153;197;53;MAGENTA_WOOL;
153;197;54;MAGENTA_WOOL;
153;198;48;MAGENTA_WOOL;
153;198;49;MAGENTA_WOOL;
153;198;50;MAGENTA_WOOL;
153;198;51;MAGENTA_WOOL;
153;198;52;MAGENTA_WOOL;
153;198;53;MAGENTA_WOOL;
153;198;54;MAGENTA_WOOL;
153;199;48;MAGENTA_WOOL;
153;199;49;MAGENTA_WOOL;
153;199;50;MAGENTA_WOOL;
153;199;51;MAGENTA_WOOL;
153;199;52;MAGENTA_WOOL;
153;199;53;MAGENTA_WOOL;
153;199;54;MAGENTA_WOOL;
153;200;48;MAGENTA_WOOL;
153;200;49;MAGENTA_WOOL;
153;200;50;MAGENTA_WOOL;
153;200;51;MAGENTA_WOOL;
153;200;52;MAGENTA_WOOL;
153;200;53;MAGENTA_WOOL;
153;200;54;MAGENTA_WOOL;
153;201;48;RED_WOOL;
153;201;49;RED_WOOL;
153;201;50;RED_WOOL;
153;201;51;RED_WOOL;
153;201;52;RED_WOOL;
153;201;53;RED_WOOL;
153;201;54;RED_WOOL;
153;202;48;RED_WOOL;
153;202;49;RED_WOOL;
153;202;50;RED_WOOL;
153;202;51;RED_WOOL;
153;202;52;RED_WOOL;
153;202;53;RED_WOOL;
153;202;54;RED_WOOL;
154;173;48;PINK_WOOL;
154;173;49;PINK_WOOL;
154;173;50;PINK_WOOL;
154;173;51;PINK_WOOL;
154;173;52;PINK_WOOL;
154;173;53;PINK_WOOL;
154;173;54;PINK_WOOL;
154;174;48;PINK_WOOL;
154;174;49;PINK_WOOL;
154;174;50;PINK_WOOL;
154;174;51;PINK_WOOL;
154;174;52;PINK_WOOL;
154;174;53;PINK_WOOL;
154;174;54;PINK_WOOL;
154;175;48;PINK_WOOL;
154;175;49;PINK_WOOL;
154;175;50;PINK_WOOL;
154;175;51;PINK_WOOL;
154;175;52;PINK_WOOL;
154;175;53;PINK_WOOL;
154;175;54;PINK_WOOL;
154;176;48;PINK_WOOL;
154;176;49;PINK_WOOL;
154;176;50;PINK_WOOL;
154;176;51;PINK_WOOL;
154;176;52;PINK_WOOL;
154;176;53;PINK_WOOL;
154;176;54;PINK_WOOL;
154;177;48;PINK_WOOL;
154;177;49;PINK_WOOL;
154;177;50;PINK_WOOL;
154;177;51;PINK_WOOL;
154;177;52;PINK_WOOL;
154;177;53;PINK_WOOL;
154;177;54;PINK_WOOL;
154;178;48;PINK_WOOL;
154;178;49;PINK_WOOL;
154;178;50;PINK_WOOL;
154;178;51;PINK_WOOL;
154;178;52;PINK_WOOL;
154;178;53;PINK_WOOL;
154;178;54;PINK_WOOL;
154;179;48;PINK_WOOL;
154;179;49;PINK_WOOL;
154;179;50;PINK_WOOL;
154;179;51;PINK_WOOL;
154;179;52;PINK_WOOL;
154;179;53;PINK_WOOL;
154;179;54;PINK_WOOL;
154;180;48;PINK_WOOL;
154;180;49;PINK_WOOL;
154;180;50;PINK_WOOL;
154;180;51;PINK_WOOL;
154;180;52;PINK_WOOL;
154;180;53;PINK_WOOL;
154;180;54;PINK_WOOL;
154;181;48;PINK_WOOL;
154;181;49;PINK_WOOL;
154;181;50;PINK_WOOL;
154;181;51;PINK_WOOL;
154;181;52;PINK_WOOL;
154;181;53;PINK_WOOL;
154;181;54;PINK_WOOL;
154;182;48;BLUE_TERRACOTTA;
154;182;49;BLUE_TERRACOTTA;
154;182;50;BLUE_TERRACOTTA;
154;182;51;BLUE_TERRACOTTA;
154;182;52;BLUE_TERRACOTTA;
154;182;53;BLUE_TERRACOTTA;
154;182;54;BLUE_TERRACOTTA;
154;183;48;BLUE_TERRACOTTA;
154;183;49;BLUE_TERRACOTTA;
154;183;50;BLUE_TERRACOTTA;
154;183;51;BLUE_TERRACOTTA;
154;183;52;BLUE_TERRACOTTA;
154;183;53;BLUE_TERRACOTTA;
154;183;54;BLUE_TERRACOTTA;
154;184;48;BLUE_TERRACOTTA;
154;184;49;BLUE_TERRACOTTA;
154;184;50;BLUE_TERRACOTTA;
154;184;51;BLUE_TERRACOTTA;
154;184;52;BLUE_TERRACOTTA;
154;184;53;BLUE_TERRACOTTA;
154;184;54;BLUE_TERRACOTTA;
154;185;48;BLUE_TERRACOTTA;
154;185;49;BLUE_TERRACOTTA;
154;185;50;BLUE_TERRACOTTA;
154;185;51;BLUE_TERRACOTTA;
154;185;52;BLUE_TERRACOTTA;
154;185;53;BLUE_TERRACOTTA;
154;185;54;BLUE_TERRACOTTA;
154;186;48;BLUE_TERRACOTTA;
154;186;49;BLUE_TERRACOTTA;
154;186;50;BLUE_TERRACOTTA;
154;186;51;BLUE_TERRACOTTA;
154;186;52;BLUE_TERRACOTTA;
154;186;53;BLUE_TERRACOTTA;
154;186;54;BLUE_TERRACOTTA;
154;187;48;BLUE_TERRACOTTA;
154;187;49;BLUE_TERRACOTTA;
154;187;50;BLUE_TERRACOTTA;
154;187;51;BLUE_TERRACOTTA;
154;187;52;BLUE_TERRACOTTA;
154;187;53;BLUE_TERRACOTTA;
154;187;54;BLUE_TERRACOTTA;
154;188;48;BLUE_TERRACOTTA;
154;188;49;BLUE_TERRACOTTA;
154;188;50;BLUE_TERRACOTTA;
154;188;51;BLUE_TERRACOTTA;
154;188;52;BLUE_TERRACOTTA;
154;188;53;BLUE_TERRACOTTA;
154;188;54;BLUE_TERRACOTTA;
154;189;48;BLUE_TERRACOTTA;
154;189;49;BLUE_TERRACOTTA;
154;189;50;BLUE_TERRACOTTA;
154;189;51;BLUE_TERRACOTTA;
154;189;52;BLUE_TERRACOTTA;
154;189;53;BLUE_TERRACOTTA;
154;189;54;BLUE_TERRACOTTA;
154;190;48;BLUE_TERRACOTTA;
154;190;49;BLUE_TERRACOTTA;
154;190;50;BLUE_TERRACOTTA;
154;190;51;BLUE_TERRACOTTA;
154;190;52;BLUE_TERRACOTTA;
154;190;53;BLUE_TERRACOTTA;
154;190;54;BLUE_TERRACOTTA;
154;191;48;BLUE_TERRACOTTA;
154;191;49;BLUE_TERRACOTTA;
154;191;50;BLUE_TERRACOTTA;
154;191;51;BLUE_TERRACOTTA;
154;191;52;BLUE_TERRACOTTA;
154;191;53;BLUE_TERRACOTTA;
154;191;54;BLUE_TERRACOTTA;
154;192;48;BLUE_TERRACOTTA;
154;192;49;BLUE_TERRACOTTA;
154;192;50;BLUE_TERRACOTTA;
154;192;51;BLUE_TERRACOTTA;
154;192;52;BLUE_TERRACOTTA;
154;192;53;BLUE_TERRACOTTA;
154;192;54;BLUE_TERRACOTTA;
154;193;48;BLUE_TERRACOTTA;
154;193;49;BLUE_TERRACOTTA;
154;193;50;BLUE_TERRACOTTA;
154;193;51;BLUE_TERRACOTTA;
154;193;52;BLUE_TERRACOTTA;
154;193;53;BLUE_TERRACOTTA;
154;193;54;BLUE_TERRACOTTA;
154;194;48;BLUE_TERRACOTTA;
154;194;49;BLUE_TERRACOTTA;
154;194;50;BLUE_TERRACOTTA;
154;194;51;BLUE_TERRACOTTA;
154;194;52;BLUE_TERRACOTTA;
154;194;53;BLUE_TERRACOTTA;
154;194;54;BLUE_TERRACOTTA;
154;195;48;BLUE_TERRACOTTA;
154;195;49;BLUE_TERRACOTTA;
154;195;50;BLUE_TERRACOTTA;
154;195;51;BLUE_TERRACOTTA;
154;195;52;BLUE_TERRACOTTA;
154;195;53;BLUE_TERRACOTTA;
154;195;54;BLUE_TERRACOTTA;
154;196;48;BLUE_TERRACOTTA;
154;196;49;BLUE_TERRACOTTA;
154;196;50;BLUE_TERRACOTTA;
154;196;51;BLUE_TERRACOTTA;
154;196;52;BLUE_TERRACOTTA;
154;196;53;BLUE_TERRACOTTA;
154;196;54;BLUE_TERRACOTTA;
154;197;48;MAGENTA_WOOL;
154;197;49;MAGENTA_WOOL;
154;197;50;MAGENTA_WOOL;
154;197;51;MAGENTA_WOOL;
154;197;52;MAGENTA_WOOL;
154;197;53;MAGENTA_WOOL;
154;197;54;MAGENTA_WOOL;
154;198;48;MAGENTA_WOOL;
154;198;49;MAGENTA_WOOL;
154;198;50;MAGENTA_WOOL;
154;198;51;MAGENTA_WOOL;
154;198;52;MAGENTA_WOOL;
154;198;53;MAGENTA_WOOL;
154;198;54;MAGENTA_WOOL;
154;199;48;MAGENTA_WOOL;
154;199;49;MAGENTA_WOOL;
154;199;50;MAGENTA_WOOL;
154;199;51;MAGENTA_WOOL;
154;199;52;MAGENTA_WOOL;
154;199;53;MAGENTA_WOOL;
154;199;54;MAGENTA_WOOL;
154;200;48;MAGENTA_WOOL;
154;200;49;MAGENTA_WOOL;
154;200;50;MAGENTA_WOOL;
154;200;51;MAGENTA_WOOL;
154;200;52;MAGENTA_WOOL;
154;200;53;MAGENTA_WOOL;
154;200;54;MAGENTA_WOOL;
154;201;48;RED_WOOL;
154;201;49;RED_WOOL;
154;201;50;RED_WOOL;
154;201;51;RED_WOOL;
154;201;52;RED_WOOL;
154;201;53;RED_WOOL;
154;201;54;RED_WOOL;
154;202;48;RED_WOOL;
154;202;49;RED_WOOL;
154;202;50;RED_WOOL;
154;202;51;RED_WOOL;
154;202;52;RED_WOOL;
154;202;53;RED_WOOL;
154;202;54;RED_WOOL;
155;173;48;PINK_WOOL;
155;173;49;PINK_WOOL;
155;173;50;PINK_WOOL;
155;173;51;PINK_WOOL;
155;173;52;PINK_WOOL;
155;173;53;PINK_WOOL;
155;173;54;PINK_WOOL;
155;174;48;PINK_WOOL;
155;174;49;PINK_WOOL;
155;174;50;PINK_WOOL;
155;174;51;PINK_WOOL;
155;174;52;PINK_WOOL;
155;174;53;PINK_WOOL;
155;174;54;PINK_WOOL;
155;175;48;PINK_WOOL;
155;175;49;PINK_WOOL;
155;175;50;PINK_WOOL;
155;175;51;PINK_WOOL;
155;175;52;PINK_WOOL;
155;175;53;PINK_WOOL;
155;175;54;PINK_WOOL;
155;176;48;PINK_WOOL;
155;176;49;PINK_WOOL;
155;176;50;PINK_WOOL;
155;176;51;PINK_WOOL;
155;176;52;PINK_WOOL;
155;176;53;PINK_WOOL;
155;176;54;PINK_WOOL;
155;177;48;PINK_WOOL;
155;177;49;PINK_WOOL;
155;177;50;PINK_WOOL;
155;177;51;PINK_WOOL;
155;177;52;PINK_WOOL;
155;177;53;PINK_WOOL;
155;177;54;PINK_WOOL;
155;178;48;PINK_WOOL;
155;178;49;PINK_WOOL;
155;178;50;PINK_WOOL;
155;178;51;PINK_WOOL;
155;178;52;PINK_WOOL;
155;178;53;PINK_WOOL;
155;178;54;PINK_WOOL;
155;179;48;PINK_WOOL;
155;179;49;PINK_WOOL;
155;179;50;PINK_WOOL;
155;179;51;PINK_WOOL;
155;179;52;PINK_WOOL;
155;179;53;PINK_WOOL;
155;179;54;PINK_WOOL;
155;180;48;PINK_WOOL;
155;180;49;PINK_WOOL;
155;180;50;PINK_WOOL;
155;180;51;PINK_WOOL;
155;180;52;PINK_WOOL;
155;180;53;PINK_WOOL;
155;180;54;PINK_WOOL;
155;181;48;PINK_WOOL;
155;181;49;PINK_WOOL;
155;181;50;PINK_WOOL;
155;181;51;PINK_WOOL;
155;181;52;PINK_WOOL;
155;181;53;PINK_WOOL;
155;181;54;PINK_WOOL;
155;182;48;BLUE_TERRACOTTA;
155;182;49;BLUE_TERRACOTTA;
155;182;50;BLUE_TERRACOTTA;
155;182;51;BLUE_TERRACOTTA;
155;182;52;BLUE_TERRACOTTA;
155;182;53;BLUE_TERRACOTTA;
155;182;54;BLUE_TERRACOTTA;
155;183;48;BLUE_TERRACOTTA;
155;183;49;BLUE_TERRACOTTA;
155;183;50;BLUE_TERRACOTTA;
155;183;51;BLUE_TERRACOTTA;
155;183;52;BLUE_TERRACOTTA;
155;183;53;BLUE_TERRACOTTA;
155;183;54;BLUE_TERRACOTTA;
155;184;48;BLUE_TERRACOTTA;
155;184;49;BLUE_TERRACOTTA;
155;184;50;BLUE_TERRACOTTA;
155;184;51;BLUE_TERRACOTTA;
155;184;52;BLUE_TERRACOTTA;
155;184;53;BLUE_TERRACOTTA;
155;184;54;BLUE_TERRACOTTA;
155;185;48;BLUE_TERRACOTTA;
155;185;49;BLUE_TERRACOTTA;
155;185;50;BLUE_TERRACOTTA;
155;185;51;BLUE_TERRACOTTA;
155;185;52;BLUE_TERRACOTTA;
155;185;53;BLUE_TERRACOTTA;
155;185;54;BLUE_TERRACOTTA;
155;186;48;BLUE_TERRACOTTA;
155;186;49;BLUE_TERRACOTTA;
155;186;50;BLUE_TERRACOTTA;
155;186;51;BLUE_TERRACOTTA;
155;186;52;BLUE_TERRACOTTA;
155;186;53;BLUE_TERRACOTTA;
155;186;54;BLUE_TERRACOTTA;
155;187;48;BLUE_TERRACOTTA;
155;187;49;BLUE_TERRACOTTA;
155;187;50;BLUE_TERRACOTTA;
155;187;51;BLUE_TERRACOTTA;
155;187;52;BLUE_TERRACOTTA;
155;187;53;BLUE_TERRACOTTA;
155;187;54;BLUE_TERRACOTTA;
155;188;48;BLUE_TERRACOTTA;
155;188;49;BLUE_TERRACOTTA;
155;188;50;BLUE_TERRACOTTA;
155;188;51;BLUE_TERRACOTTA;
155;188;52;BLUE_TERRACOTTA;
155;188;53;BLUE_TERRACOTTA;
155;188;54;BLUE_TERRACOTTA;
155;189;48;BLUE_TERRACOTTA;
155;189;49;BLUE_TERRACOTTA;
155;189;50;BLUE_TERRACOTTA;
155;189;51;BLUE_TERRACOTTA;
155;189;52;BLUE_TERRACOTTA;
155;189;53;BLUE_TERRACOTTA;
155;189;54;BLUE_TERRACOTTA;
155;190;48;BLUE_TERRACOTTA;
155;190;49;BLUE_TERRACOTTA;
155;190;50;BLUE_TERRACOTTA;
155;190;51;BLUE_TERRACOTTA;
155;190;52;BLUE_TERRACOTTA;
155;190;53;BLUE_TERRACOTTA;
155;190;54;BLUE_TERRACOTTA;
155;191;48;BLUE_TERRACOTTA;
155;191;49;BLUE_TERRACOTTA;
155;191;50;BLUE_TERRACOTTA;
155;191;51;BLUE_TERRACOTTA;
155;191;52;BLUE_TERRACOTTA;
155;191;53;BLUE_TERRACOTTA;
155;191;54;BLUE_TERRACOTTA;
155;192;48;BLUE_TERRACOTTA;
155;192;49;BLUE_TERRACOTTA;
155;192;50;BLUE_TERRACOTTA;
155;192;51;BLUE_TERRACOTTA;
155;192;52;BLUE_TERRACOTTA;
155;192;53;BLUE_TERRACOTTA;
155;192;54;BLUE_TERRACOTTA;
155;193;48;BLUE_TERRACOTTA;
155;193;49;BLUE_TERRACOTTA;
155;193;50;BLUE_TERRACOTTA;
155;193;51;BLUE_TERRACOTTA;
155;193;52;BLUE_TERRACOTTA;
155;193;53;BLUE_TERRACOTTA;
155;193;54;BLUE_TERRACOTTA;
155;194;48;BLUE_TERRACOTTA;
155;194;49;BLUE_TERRACOTTA;
155;194;50;BLUE_TERRACOTTA;
155;194;51;BLUE_TERRACOTTA;
155;194;52;BLUE_TERRACOTTA;
155;194;53;BLUE_TERRACOTTA;
155;194;54;BLUE_TERRACOTTA;
155;195;48;BLUE_TERRACOTTA;
155;195;49;BLUE_TERRACOTTA;
155;195;50;BLUE_TERRACOTTA;
155;195;51;BLUE_TERRACOTTA;
155;195;52;BLUE_TERRACOTTA;
155;195;53;BLUE_TERRACOTTA;
155;195;54;BLUE_TERRACOTTA;
155;196;48;BLUE_TERRACOTTA;
155;196;49;BLUE_TERRACOTTA;
155;196;50;BLUE_TERRACOTTA;
155;196;51;BLUE_TERRACOTTA;
155;196;52;BLUE_TERRACOTTA;
155;196;53;BLUE_TERRACOTTA;
155;196;54;BLUE_TERRACOTTA;
155;197;48;MAGENTA_WOOL;
155;197;49;MAGENTA_WOOL;
155;197;50;MAGENTA_WOOL;
155;197;51;MAGENTA_WOOL;
155;197;52;MAGENTA_WOOL;
155;197;53;MAGENTA_WOOL;
155;197;54;MAGENTA_WOOL;
155;198;48;MAGENTA_WOOL;
155;198;49;MAGENTA_WOOL;
155;198;50;MAGENTA_WOOL;
155;198;51;MAGENTA_WOOL;
155;198;52;MAGENTA_WOOL;
155;198;53;MAGENTA_WOOL;
155;198;54;MAGENTA_WOOL;
155;199;48;MAGENTA_WOOL;
155;199;49;MAGENTA_WOOL;
155;199;50;MAGENTA_WOOL;
155;199;51;MAGENTA_WOOL;
155;199;52;MAGENTA_WOOL;
155;199;53;MAGENTA_WOOL;
155;199;54;MAGENTA_WOOL;
155;200;48;MAGENTA_WOOL;
155;200;49;MAGENTA_WOOL;
155;200;50;MAGENTA_WOOL;
155;200;51;MAGENTA_WOOL;
155;200;52;MAGENTA_WOOL;
155;200;53;MAGENTA_WOOL;
155;200;54;MAGENTA_WOOL;
155;201;48;RED_WOOL;
155;201;49;RED_WOOL;
155;201;50;RED_WOOL;
155;201;51;RED_WOOL;
155;201;52;RED_WOOL;
155;201;53;RED_WOOL;
155;201;54;RED_WOOL;
155;202;48;RED_WOOL;
155;202;49;RED_WOOL;
155;202;50;RED_WOOL;
155;202;51;RED_WOOL;
155;202;52;RED_WOOL;
155;202;53;RED_WOOL;
155;202;54;RED_WOOL;
156;173;48;PINK_WOOL;
156;173;49;PINK_WOOL;
156;173;50;PINK_WOOL;
156;173;51;PINK_WOOL;
156;173;52;PINK_WOOL;
156;173;53;PINK_WOOL;
156;173;54;PINK_WOOL;
156;174;48;PINK_WOOL;
156;174;49;PINK_WOOL;
156;174;50;PINK_WOOL;
156;174;51;PINK_WOOL;
156;174;52;PINK_WOOL;
156;174;53;PINK_WOOL;
156;174;54;PINK_WOOL;
156;175;48;PINK_WOOL;
156;175;49;PINK_WOOL;
156;175;50;PINK_WOOL;
156;175;51;PINK_WOOL;
156;175;52;PINK_WOOL;
156;175;53;PINK_WOOL;
156;175;54;PINK_WOOL;
156;176;48;PINK_WOOL;
156;176;49;PINK_WOOL;
156;176;50;PINK_WOOL;
156;176;51;PINK_WOOL;
156;176;52;PINK_WOOL;
156;176;53;PINK_WOOL;
156;176;54;PINK_WOOL;
156;177;48;PINK_WOOL;
156;177;49;PINK_WOOL;
156;177;50;PINK_WOOL;
156;177;51;PINK_WOOL;
156;177;52;PINK_WOOL;
156;177;53;PINK_WOOL;
156;177;54;PINK_WOOL;
156;178;48;PINK_WOOL;
156;178;49;PINK_WOOL;
156;178;50;PINK_WOOL;
156;178;51;PINK_WOOL;
156;178;52;PINK_WOOL;
156;178;53;PINK_WOOL;
156;178;54;PINK_WOOL;
156;179;48;PINK_WOOL;
156;179;49;PINK_WOOL;
156;179;50;PINK_WOOL;
156;179;51;PINK_WOOL;
156;179;52;PINK_WOOL;
156;179;53;PINK_WOOL;
156;179;54;PINK_WOOL;
156;180;48;PINK_WOOL;
156;180;49;PINK_WOOL;
156;180;50;PINK_WOOL;
156;180;51;PINK_WOOL;
156;180;52;PINK_WOOL;
156;180;53;PINK_WOOL;
156;180;54;PINK_WOOL;
156;181;48;PINK_WOOL;
156;181;49;PINK_WOOL;
156;181;50;PINK_WOOL;
156;181;51;PINK_WOOL;
156;181;52;PINK_WOOL;
156;181;53;PINK_WOOL;
156;181;54;PINK_WOOL;
156;182;48;BLUE_TERRACOTTA;
156;182;49;BLUE_TERRACOTTA;
156;182;50;BLUE_TERRACOTTA;
156;182;51;BLUE_TERRACOTTA;
156;182;52;BLUE_TERRACOTTA;
156;182;53;BLUE_TERRACOTTA;
156;182;54;BLUE_TERRACOTTA;
156;183;48;BLUE_TERRACOTTA;
156;183;49;BLUE_TERRACOTTA;
156;183;50;BLUE_TERRACOTTA;
156;183;51;BLUE_TERRACOTTA;
156;183;52;BLUE_TERRACOTTA;
156;183;53;BLUE_TERRACOTTA;
156;183;54;BLUE_TERRACOTTA;
156;184;48;BLUE_TERRACOTTA;
156;184;49;BLUE_TERRACOTTA;
156;184;50;BLUE_TERRACOTTA;
156;184;51;BLUE_TERRACOTTA;
156;184;52;BLUE_TERRACOTTA;
156;184;53;BLUE_TERRACOTTA;
156;184;54;BLUE_TERRACOTTA;
156;185;48;BLUE_TERRACOTTA;
156;185;49;BLUE_TERRACOTTA;
156;185;50;BLUE_TERRACOTTA;
156;185;51;BLUE_TERRACOTTA;
156;185;52;BLUE_TERRACOTTA;
156;185;53;BLUE_TERRACOTTA;
156;185;54;BLUE_TERRACOTTA;
156;186;48;BLUE_TERRACOTTA;
156;186;49;BLUE_TERRACOTTA;
156;186;50;BLUE_TERRACOTTA;
156;186;51;BLUE_TERRACOTTA;
156;186;52;BLUE_TERRACOTTA;
156;186;53;BLUE_TERRACOTTA;
156;186;54;BLUE_TERRACOTTA;
156;187;48;BLUE_TERRACOTTA;
156;187;49;BLUE_TERRACOTTA;
156;187;50;BLUE_TERRACOTTA;
156;187;51;BLUE_TERRACOTTA;
156;187;52;BLUE_TERRACOTTA;
156;187;53;BLUE_TERRACOTTA;
156;187;54;BLUE_TERRACOTTA;
156;188;48;BLUE_TERRACOTTA;
156;188;49;BLUE_TERRACOTTA;
156;188;50;BLUE_TERRACOTTA;
156;188;51;BLUE_TERRACOTTA;
156;188;52;BLUE_TERRACOTTA;
156;188;53;BLUE_TERRACOTTA;
156;188;54;BLUE_TERRACOTTA;
156;189;48;BLUE_TERRACOTTA;
156;189;49;BLUE_TERRACOTTA;
156;189;50;BLUE_TERRACOTTA;
156;189;51;BLUE_TERRACOTTA;
156;189;52;BLUE_TERRACOTTA;
156;189;53;BLUE_TERRACOTTA;
156;189;54;BLUE_TERRACOTTA;
156;190;48;BLUE_TERRACOTTA;
156;190;49;BLUE_TERRACOTTA;
156;190;50;BLUE_TERRACOTTA;
156;190;51;BLUE_TERRACOTTA;
156;190;52;BLUE_TERRACOTTA;
156;190;53;BLUE_TERRACOTTA;
156;190;54;BLUE_TERRACOTTA;
156;191;48;BLUE_TERRACOTTA;
156;191;49;BLUE_TERRACOTTA;
156;191;50;BLUE_TERRACOTTA;
156;191;51;BLUE_TERRACOTTA;
156;191;52;BLUE_TERRACOTTA;
156;191;53;BLUE_TERRACOTTA;
156;191;54;BLUE_TERRACOTTA;
156;192;48;BLUE_TERRACOTTA;
156;192;49;BLUE_TERRACOTTA;
156;192;50;BLUE_TERRACOTTA;
156;192;51;BLUE_TERRACOTTA;
156;192;52;BLUE_TERRACOTTA;
156;192;53;BLUE_TERRACOTTA;
156;192;54;BLUE_TERRACOTTA;
156;193;48;BLUE_TERRACOTTA;
156;193;49;BLUE_TERRACOTTA;
156;193;50;BLUE_TERRACOTTA;
156;193;51;BLUE_TERRACOTTA;
156;193;52;BLUE_TERRACOTTA;
156;193;53;BLUE_TERRACOTTA;
156;193;54;BLUE_TERRACOTTA;
156;194;48;BLUE_TERRACOTTA;
156;194;49;BLUE_TERRACOTTA;
156;194;50;BLUE_TERRACOTTA;
156;194;51;BLUE_TERRACOTTA;
156;194;52;BLUE_TERRACOTTA;
156;194;53;BLUE_TERRACOTTA;
156;194;54;BLUE_TERRACOTTA;
156;195;48;BLUE_TERRACOTTA;
156;195;49;BLUE_TERRACOTTA;
156;195;50;BLUE_TERRACOTTA;
156;195;51;BLUE_TERRACOTTA;
156;195;52;BLUE_TERRACOTTA;
156;195;53;BLUE_TERRACOTTA;
156;195;54;BLUE_TERRACOTTA;
156;196;48;BLUE_TERRACOTTA;
156;196;49;BLUE_TERRACOTTA;
156;196;50;BLUE_TERRACOTTA;
156;196;51;BLUE_TERRACOTTA;
156;196;52;BLUE_TERRACOTTA;
156;196;53;BLUE_TERRACOTTA;
156;196;54;BLUE_TERRACOTTA;
156;197;48;MAGENTA_WOOL;
156;197;49;MAGENTA_WOOL;
156;197;50;MAGENTA_WOOL;
156;197;51;MAGENTA_WOOL;
156;197;52;MAGENTA_WOOL;
156;197;53;MAGENTA_WOOL;
156;197;54;MAGENTA_WOOL;
156;198;48;MAGENTA_WOOL;
156;198;49;MAGENTA_WOOL;
156;198;50;MAGENTA_WOOL;
156;198;51;MAGENTA_WOOL;
156;198;52;MAGENTA_WOOL;
156;198;53;MAGENTA_WOOL;
156;198;54;MAGENTA_WOOL;
156;199;48;MAGENTA_WOOL;
156;199;49;MAGENTA_WOOL;
156;199;50;MAGENTA_WOOL;
156;199;51;MAGENTA_WOOL;
156;199;52;MAGENTA_WOOL;
156;199;53;MAGENTA_WOOL;
156;199;54;MAGENTA_WOOL;
156;200;48;MAGENTA_WOOL;
156;200;49;MAGENTA_WOOL;
156;200;50;MAGENTA_WOOL;
156;200;51;MAGENTA_WOOL;
156;200;52;MAGENTA_WOOL;
156;200;53;MAGENTA_WOOL;
156;200;54;MAGENTA_WOOL;
156;201;48;RED_WOOL;
156;201;49;RED_WOOL;
156;201;50;RED_WOOL;
156;201;51;RED_WOOL;
156;201;52;RED_WOOL;
156;201;53;RED_WOOL;
156;201;54;RED_WOOL;
156;202;48;RED_WOOL;
156;202;49;RED_WOOL;
156;202;50;RED_WOOL;
156;202;51;RED_WOOL;
156;202;52;RED_WOOL;
156;202;53;RED_WOOL;
156;202;54;RED_WOOL;
157;173;48;PINK_WOOL;
157;173;49;PINK_WOOL;
157;173;50;PINK_WOOL;
157;173;51;PINK_WOOL;
157;173;52;PINK_WOOL;
157;173;53;PINK_WOOL;
157;173;54;PINK_WOOL;
157;174;48;PINK_WOOL;
157;174;49;PINK_WOOL;
157;174;50;PINK_WOOL;
157;174;51;PINK_WOOL;
157;174;52;PINK_WOOL;
157;174;53;PINK_WOOL;
157;174;54;PINK_WOOL;
157;175;48;PINK_WOOL;
157;175;49;PINK_WOOL;
157;175;50;PINK_WOOL;
157;175;51;PINK_WOOL;
157;175;52;PINK_WOOL;
157;175;53;PINK_WOOL;
157;175;54;PINK_WOOL;
157;176;48;PINK_WOOL;
157;176;49;PINK_WOOL;
157;176;50;PINK_WOOL;
157;176;51;PINK_WOOL;
157;176;52;PINK_WOOL;
157;176;53;PINK_WOOL;
157;176;54;PINK_WOOL;
157;177;48;PINK_WOOL;
157;177;49;PINK_WOOL;
157;177;50;PINK_WOOL;
157;177;51;PINK_WOOL;
157;177;52;PINK_WOOL;
157;177;53;PINK_WOOL;
157;177;54;PINK_WOOL;
157;178;48;PINK_WOOL;
157;178;49;PINK_WOOL;
157;178;50;PINK_WOOL;
157;178;51;PINK_WOOL;
157;178;52;PINK_WOOL;
157;178;53;PINK_WOOL;
157;178;54;PINK_WOOL;
157;179;48;PINK_WOOL;
157;179;49;PINK_WOOL;
157;179;50;PINK_WOOL;
157;179;51;PINK_WOOL;
157;179;52;PINK_WOOL;
157;179;53;PINK_WOOL;
157;179;54;PINK_WOOL;
157;180;48;PINK_WOOL;
157;180;49;PINK_WOOL;
157;180;50;PINK_WOOL;
157;180;51;PINK_WOOL;
157;180;52;PINK_WOOL;
157;180;53;PINK_WOOL;
157;180;54;PINK_WOOL;
157;181;48;PINK_WOOL;
157;181;49;PINK_WOOL;
157;181;50;PINK_WOOL;
157;181;51;PINK_WOOL;
157;181;52;PINK_WOOL;
157;181;53;PINK_WOOL;
157;181;54;PINK_WOOL;
157;182;48;BLUE_TERRACOTTA;
157;182;49;BLUE_TERRACOTTA;
157;182;50;BLUE_TERRACOTTA;
157;182;51;BLUE_TERRACOTTA;
157;182;52;BLUE_TERRACOTTA;
157;182;53;BLUE_TERRACOTTA;
157;182;54;BLUE_TERRACOTTA;
157;183;48;BLUE_TERRACOTTA;
157;183;49;BLUE_TERRACOTTA;
157;183;50;BLUE_TERRACOTTA;
157;183;51;BLUE_TERRACOTTA;
157;183;52;BLUE_TERRACOTTA;
157;183;53;BLUE_TERRACOTTA;
157;183;54;BLUE_TERRACOTTA;
157;184;48;BLUE_TERRACOTTA;
157;184;49;BLUE_TERRACOTTA;
157;184;50;BLUE_TERRACOTTA;
157;184;51;BLUE_TERRACOTTA;
157;184;52;BLUE_TERRACOTTA;
157;184;53;BLUE_TERRACOTTA;
157;184;54;BLUE_TERRACOTTA;
157;185;48;BLUE_TERRACOTTA;
157;185;49;BLUE_TERRACOTTA;
157;185;50;BLUE_TERRACOTTA;
157;185;51;BLUE_TERRACOTTA;
157;185;52;BLUE_TERRACOTTA;
157;185;53;BLUE_TERRACOTTA;
157;185;54;BLUE_TERRACOTTA;
157;186;48;BLUE_TERRACOTTA;
157;186;49;BLUE_TERRACOTTA;
157;186;50;BLUE_TERRACOTTA;
157;186;51;BLUE_TERRACOTTA;
157;186;52;BLUE_TERRACOTTA;
157;186;53;BLUE_TERRACOTTA;
157;186;54;BLUE_TERRACOTTA;
157;187;48;BLUE_TERRACOTTA;
157;187;49;BLUE_TERRACOTTA;
157;187;50;BLUE_TERRACOTTA;
157;187;51;BLUE_TERRACOTTA;
157;187;52;BLUE_TERRACOTTA;
157;187;53;BLUE_TERRACOTTA;
157;187;54;BLUE_TERRACOTTA;
157;188;48;BLUE_TERRACOTTA;
157;188;49;BLUE_TERRACOTTA;
157;188;50;BLUE_TERRACOTTA;
157;188;51;BLUE_TERRACOTTA;
157;188;52;BLUE_TERRACOTTA;
157;188;53;BLUE_TERRACOTTA;
157;188;54;BLUE_TERRACOTTA;
157;189;48;BLUE_TERRACOTTA;
157;189;49;BLUE_TERRACOTTA;
157;189;50;BLUE_TERRACOTTA;
157;189;51;BLUE_TERRACOTTA;
157;189;52;BLUE_TERRACOTTA;
157;189;53;BLUE_TERRACOTTA;
157;189;54;BLUE_TERRACOTTA;
157;190;48;BLUE_TERRACOTTA;
157;190;49;BLUE_TERRACOTTA;
157;190;50;BLUE_TERRACOTTA;
157;190;51;BLUE_TERRACOTTA;
157;190;52;BLUE_TERRACOTTA;
157;190;53;BLUE_TERRACOTTA;
157;190;54;BLUE_TERRACOTTA;
157;191;48;BLUE_TERRACOTTA;
157;191;49;BLUE_TERRACOTTA;
157;191;50;BLUE_TERRACOTTA;
157;191;51;BLUE_TERRACOTTA;
157;191;52;BLUE_TERRACOTTA;
157;191;53;BLUE_TERRACOTTA;
157;191;54;BLUE_TERRACOTTA;
157;192;48;BLUE_TERRACOTTA;
157;192;49;BLUE_TERRACOTTA;
157;192;50;BLUE_TERRACOTTA;
157;192;51;BLUE_TERRACOTTA;
157;192;52;BLUE_TERRACOTTA;
157;192;53;BLUE_TERRACOTTA;
157;192;54;BLUE_TERRACOTTA;
157;193;48;BLUE_TERRACOTTA;
157;193;49;BLUE_TERRACOTTA;
157;193;50;BLUE_TERRACOTTA;
157;193;51;BLUE_TERRACOTTA;
157;193;52;BLUE_TERRACOTTA;
157;193;53;BLUE_TERRACOTTA;
157;193;54;BLUE_TERRACOTTA;
157;194;48;BLUE_TERRACOTTA;
157;194;49;BLUE_TERRACOTTA;
157;194;50;BLUE_TERRACOTTA;
157;194;51;BLUE_TERRACOTTA;
157;194;52;BLUE_TERRACOTTA;
157;194;53;BLUE_TERRACOTTA;
157;194;54;BLUE_TERRACOTTA;
157;195;48;BLUE_TERRACOTTA;
157;195;49;BLUE_TERRACOTTA;
157;195;50;BLUE_TERRACOTTA;
157;195;51;BLUE_TERRACOTTA;
157;195;52;BLUE_TERRACOTTA;
157;195;53;BLUE_TERRACOTTA;
157;195;54;BLUE_TERRACOTTA;
157;196;48;BLUE_TERRACOTTA;
157;196;49;BLUE_TERRACOTTA;
157;196;50;BLUE_TERRACOTTA;
157;196;51;BLUE_TERRACOTTA;
157;196;52;BLUE_TERRACOTTA;
157;196;53;BLUE_TERRACOTTA;
157;196;54;BLUE_TERRACOTTA;
157;197;48;MAGENTA_WOOL;
157;197;49;MAGENTA_WOOL;
157;197;50;MAGENTA_WOOL;
157;197;51;MAGENTA_WOOL;
157;197;52;MAGENTA_WOOL;
157;197;53;MAGENTA_WOOL;
157;197;54;MAGENTA_WOOL;
157;198;48;MAGENTA_WOOL;
157;198;49;MAGENTA_WOOL;
157;198;50;MAGENTA_WOOL;
157;198;51;MAGENTA_WOOL;
157;198;52;MAGENTA_WOOL;
157;198;53;MAGENTA_WOOL;
157;198;54;MAGENTA_WOOL;
157;199;48;MAGENTA_WOOL;
157;199;49;MAGENTA_WOOL;
157;199;50;MAGENTA_WOOL;
157;199;51;MAGENTA_WOOL;
157;199;52;MAGENTA_WOOL;
157;199;53;MAGENTA_WOOL;
157;199;54;MAGENTA_WOOL;
157;200;48;MAGENTA_WOOL;
157;200;49;MAGENTA_WOOL;
157;200;50;MAGENTA_WOOL;
157;200;51;MAGENTA_WOOL;
157;200;52;MAGENTA_WOOL;
157;200;53;MAGENTA_WOOL;
157;200;54;MAGENTA_WOOL;
157;201;48;RED_WOOL;
157;201;49;RED_WOOL;
157;201;50;RED_WOOL;
157;201;51;RED_WOOL;
157;201;52;RED_WOOL;
157;201;53;RED_WOOL;
157;201;54;RED_WOOL;
157;202;48;RED_WOOL;
157;202;49;RED_WOOL;
157;202;50;RED_WOOL;
157;202;51;RED_WOOL;
157;202;52;RED_WOOL;
157;202;53;RED_WOOL;
157;202;54;RED_WOOL;
