-188;1;-72;GRASS_BLOCK;
-188;1;-71;GRASS_BLOCK;
-188;1;-70;GRASS_BLOCK;
-188;1;-69;GRASS_BLOCK;
-188;1;-68;GRASS_BLOCK;
-188;1;-67;GRASS_BLOCK;
-188;1;-66;GRASS_BLOCK;
-188;1;-65;GRASS_BLOCK;
-188;1;-64;GRASS_BLOCK;
-188;1;-63;GRASS_BLOCK;
-188;1;-62;GRASS_BLOCK;
-188;1;-61;GRASS_BLOCK;
-188;1;-60;GRASS_BLOCK;
-188;1;-59;GRASS_BLOCK;
-188;1;-58;GRASS_BLOCK;
-188;1;-57;GRASS_BLOCK;
-188;2;-72;AIR;
-188;2;-71;AIR;
-188;2;-70;AIR;
-188;2;-69;AIR;
-188;2;-68;AIR;
-188;2;-67;AIR;
-188;2;-66;AIR;
-188;2;-65;AIR;
-188;2;-64;AIR;
-188;2;-63;AIR;
-188;2;-62;AIR;
-188;2;-61;AIR;
-188;2;-60;AIR;
-188;2;-59;AIR;
-188;2;-58;AIR;
-188;2;-57;AIR;
-188;3;-72;AIR;
-188;3;-71;AIR;
-188;3;-70;AIR;
-188;3;-69;AIR;
-188;3;-68;AIR;
-188;3;-67;AIR;
-188;3;-66;AIR;
-188;3;-65;AIR;
-188;3;-64;AIR;
-188;3;-63;AIR;
-188;3;-62;AIR;
-188;3;-61;AIR;
-188;3;-60;AIR;
-188;3;-59;AIR;
-188;3;-58;AIR;
-188;3;-57;AIR;
-188;4;-72;AIR;
-188;4;-71;AIR;
-188;4;-70;AIR;
-188;4;-69;AIR;
-188;4;-68;AIR;
-188;4;-67;AIR;
-188;4;-66;AIR;
-188;4;-65;AIR;
-188;4;-64;AIR;
-188;4;-63;AIR;
-188;4;-62;AIR;
-188;4;-61;AIR;
-188;4;-60;AIR;
-188;4;-59;AIR;
-188;4;-58;AIR;
-188;4;-57;AIR;
-188;5;-72;AIR;
-188;5;-71;AIR;
-188;5;-70;AIR;
-188;5;-69;AIR;
-188;5;-68;AIR;
-188;5;-67;AIR;
-188;5;-66;AIR;
-188;5;-65;AIR;
-188;5;-64;AIR;
-188;5;-63;AIR;
-188;5;-62;AIR;
-188;5;-61;AIR;
-188;5;-60;AIR;
-188;5;-59;AIR;
-188;5;-58;AIR;
-188;5;-57;AIR;
-188;6;-72;AIR;
-188;6;-71;AIR;
-188;6;-70;AIR;
-188;6;-69;AIR;
-188;6;-68;AIR;
-188;6;-67;AIR;
-188;6;-66;AIR;
-188;6;-65;AIR;
-188;6;-64;AIR;
-188;6;-63;AIR;
-188;6;-62;AIR;
-188;6;-61;AIR;
-188;6;-60;AIR;
-188;6;-59;AIR;
-188;6;-58;AIR;
-188;6;-57;AIR;
-188;7;-72;AIR;
-188;7;-71;AIR;
-188;7;-70;AIR;
-188;7;-69;AIR;
-188;7;-68;AIR;
-188;7;-67;AIR;
-188;7;-66;AIR;
-188;7;-65;AIR;
-188;7;-64;AIR;
-188;7;-63;AIR;
-188;7;-62;AIR;
-188;7;-61;AIR;
-188;7;-60;AIR;
-188;7;-59;AIR;
-188;7;-58;AIR;
-188;7;-57;AIR;
-188;8;-72;AIR;
-188;8;-71;AIR;
-188;8;-70;AIR;
-188;8;-69;AIR;
-188;8;-68;AIR;
-188;8;-67;AIR;
-188;8;-66;AIR;
-188;8;-65;AIR;
-188;8;-64;AIR;
-188;8;-63;AIR;
-188;8;-62;AIR;
-188;8;-61;AIR;
-188;8;-60;AIR;
-188;8;-59;AIR;
-188;8;-58;AIR;
-188;8;-57;AIR;
-188;9;-72;AIR;
-188;9;-71;AIR;
-188;9;-70;AIR;
-188;9;-69;AIR;
-188;9;-68;AIR;
-188;9;-67;AIR;
-188;9;-66;AIR;
-188;9;-65;AIR;
-188;9;-64;AIR;
-188;9;-63;AIR;
-188;9;-62;AIR;
-188;9;-61;AIR;
-188;9;-60;AIR;
-188;9;-59;AIR;
-188;9;-58;AIR;
-188;9;-57;AIR;
-187;1;-72;GRASS_BLOCK;
-187;1;-71;GRASS_BLOCK;
-187;1;-70;GRASS_BLOCK;
-187;1;-69;GRASS_BLOCK;
-187;1;-68;DIRT;
-187;1;-67;DIRT;
-187;1;-66;DIRT;
-187;1;-65;DIRT;
-187;1;-64;DIRT;
-187;1;-63;DIRT;
-187;1;-62;DIRT;
-187;1;-61;DIRT;
-187;1;-60;GRASS_BLOCK;
-187;1;-59;GRASS_BLOCK;
-187;1;-58;GRASS_BLOCK;
-187;1;-57;GRASS_BLOCK;
-187;2;-72;AIR;
-187;2;-71;AIR;
-187;2;-70;AIR;
-187;2;-69;AIR;
-187;2;-68;DIRT;
-187;2;-67;DIRT;
-187;2;-66;DIRT;
-187;2;-65;DIRT;
-187;2;-64;DIRT;
-187;2;-63;DIRT;
-187;2;-62;DIRT;
-187;2;-61;DIRT;
-187;2;-60;AIR;
-187;2;-59;AIR;
-187;2;-58;AIR;
-187;2;-57;AIR;
-187;3;-72;AIR;
-187;3;-71;AIR;
-187;3;-70;AIR;
-187;3;-69;AIR;
-187;3;-68;GRASS_BLOCK;
-187;3;-67;GRASS_BLOCK;
-187;3;-66;GRASS_BLOCK;
-187;3;-65;GRASS_BLOCK;
-187;3;-64;GRASS_BLOCK;
-187;3;-63;GRASS_BLOCK;
-187;3;-62;GRASS_BLOCK;
-187;3;-61;GRASS_BLOCK;
-187;3;-60;AIR;
-187;3;-59;AIR;
-187;3;-58;AIR;
-187;3;-57;AIR;
-187;4;-72;AIR;
-187;4;-71;AIR;
-187;4;-70;AIR;
-187;4;-69;AIR;
-187;4;-68;AIR;
-187;4;-67;AIR;
-187;4;-66;AIR;
-187;4;-65;AIR;
-187;4;-64;AIR;
-187;4;-63;AIR;
-187;4;-62;AIR;
-187;4;-61;AIR;
-187;4;-60;AIR;
-187;4;-59;AIR;
-187;4;-58;AIR;
-187;4;-57;AIR;
-187;5;-72;AIR;
-187;5;-71;AIR;
-187;5;-70;AIR;
-187;5;-69;AIR;
-187;5;-68;AIR;
-187;5;-67;AIR;
-187;5;-66;AIR;
-187;5;-65;AIR;
-187;5;-64;AIR;
-187;5;-63;AIR;
-187;5;-62;AIR;
-187;5;-61;AIR;
-187;5;-60;AIR;
-187;5;-59;AIR;
-187;5;-58;AIR;
-187;5;-57;AIR;
-187;6;-72;AIR;
-187;6;-71;AIR;
-187;6;-70;AIR;
-187;6;-69;AIR;
-187;6;-68;AIR;
-187;6;-67;AIR;
-187;6;-66;AIR;
-187;6;-65;AIR;
-187;6;-64;AIR;
-187;6;-63;AIR;
-187;6;-62;AIR;
-187;6;-61;AIR;
-187;6;-60;AIR;
-187;6;-59;AIR;
-187;6;-58;AIR;
-187;6;-57;AIR;
-187;7;-72;AIR;
-187;7;-71;AIR;
-187;7;-70;AIR;
-187;7;-69;AIR;
-187;7;-68;AIR;
-187;7;-67;AIR;
-187;7;-66;AIR;
-187;7;-65;AIR;
-187;7;-64;AIR;
-187;7;-63;AIR;
-187;7;-62;AIR;
-187;7;-61;AIR;
-187;7;-60;AIR;
-187;7;-59;AIR;
-187;7;-58;AIR;
-187;7;-57;AIR;
-187;8;-72;AIR;
-187;8;-71;AIR;
-187;8;-70;AIR;
-187;8;-69;AIR;
-187;8;-68;AIR;
-187;8;-67;AIR;
-187;8;-66;AIR;
-187;8;-65;AIR;
-187;8;-64;AIR;
-187;8;-63;AIR;
-187;8;-62;AIR;
-187;8;-61;AIR;
-187;8;-60;AIR;
-187;8;-59;AIR;
-187;8;-58;AIR;
-187;8;-57;AIR;
-187;9;-72;AIR;
-187;9;-71;AIR;
-187;9;-70;AIR;
-187;9;-69;AIR;
-187;9;-68;AIR;
-187;9;-67;AIR;
-187;9;-66;AIR;
-187;9;-65;AIR;
-187;9;-64;AIR;
-187;9;-63;AIR;
-187;9;-62;AIR;
-187;9;-61;AIR;
-187;9;-60;AIR;
-187;9;-59;AIR;
-187;9;-58;AIR;
-187;9;-57;AIR;
-186;1;-72;GRASS_BLOCK;
-186;1;-71;GRASS_BLOCK;
-186;1;-70;GRASS_BLOCK;
-186;1;-69;DIRT;
-186;1;-68;DIRT;
-186;1;-67;DIRT;
-186;1;-66;DIRT;
-186;1;-65;DIRT;
-186;1;-64;DIRT;
-186;1;-63;DIRT;
-186;1;-62;DIRT;
-186;1;-61;DIRT;
-186;1;-60;DIRT;
-186;1;-59;GRASS_BLOCK;
-186;1;-58;GRASS_BLOCK;
-186;1;-57;GRASS_BLOCK;
-186;2;-72;AIR;
-186;2;-71;AIR;
-186;2;-70;AIR;
-186;2;-69;DIRT;
-186;2;-68;STONE;
-186;2;-67;STONE;
-186;2;-66;STONE;
-186;2;-65;STONE;
-186;2;-64;STONE;
-186;2;-63;STONE;
-186;2;-62;STONE;
-186;2;-61;STONE;
-186;2;-60;DIRT;
-186;2;-59;AIR;
-186;2;-58;AIR;
-186;2;-57;AIR;
-186;3;-72;AIR;
-186;3;-71;AIR;
-186;3;-70;AIR;
-186;3;-69;GRASS_BLOCK;
-186;3;-68;STONE;
-186;3;-67;STONE;
-186;3;-66;STONE;
-186;3;-65;STONE;
-186;3;-64;STONE;
-186;3;-63;STONE;
-186;3;-62;STONE;
-186;3;-61;STONE;
-186;3;-60;GRASS_BLOCK;
-186;3;-59;AIR;
-186;3;-58;AIR;
-186;3;-57;AIR;
-186;4;-72;AIR;
-186;4;-71;AIR;
-186;4;-70;AIR;
-186;4;-69;AIR;
-186;4;-68;DIRT;
-186;4;-67;DIRT;
-186;4;-66;DIRT;
-186;4;-65;DIRT;
-186;4;-64;DIRT;
-186;4;-63;DIRT;
-186;4;-62;DIRT;
-186;4;-61;DIRT;
-186;4;-60;AIR;
-186;4;-59;AIR;
-186;4;-58;AIR;
-186;4;-57;AIR;
-186;5;-72;AIR;
-186;5;-71;AIR;
-186;5;-70;AIR;
-186;5;-69;AIR;
-186;5;-68;GRASS_BLOCK;
-186;5;-67;GRASS_BLOCK;
-186;5;-66;GRASS_BLOCK;
-186;5;-65;GRASS_BLOCK;
-186;5;-64;GRASS_BLOCK;
-186;5;-63;GRASS_BLOCK;
-186;5;-62;GRASS_BLOCK;
-186;5;-61;GRASS_BLOCK;
-186;5;-60;AIR;
-186;5;-59;AIR;
-186;5;-58;AIR;
-186;5;-57;AIR;
-186;6;-72;AIR;
-186;6;-71;AIR;
-186;6;-70;AIR;
-186;6;-69;AIR;
-186;6;-68;AIR;
-186;6;-67;AIR;
-186;6;-66;AIR;
-186;6;-65;AIR;
-186;6;-64;AIR;
-186;6;-63;AIR;
-186;6;-62;AIR;
-186;6;-61;AIR;
-186;6;-60;AIR;
-186;6;-59;AIR;
-186;6;-58;AIR;
-186;6;-57;AIR;
-186;7;-72;AIR;
-186;7;-71;AIR;
-186;7;-70;AIR;
-186;7;-69;AIR;
-186;7;-68;AIR;
-186;7;-67;AIR;
-186;7;-66;AIR;
-186;7;-65;AIR;
-186;7;-64;AIR;
-186;7;-63;AIR;
-186;7;-62;AIR;
-186;7;-61;AIR;
-186;7;-60;AIR;
-186;7;-59;AIR;
-186;7;-58;AIR;
-186;7;-57;AIR;
-186;8;-72;AIR;
-186;8;-71;AIR;
-186;8;-70;AIR;
-186;8;-69;AIR;
-186;8;-68;AIR;
-186;8;-67;AIR;
-186;8;-66;AIR;
-186;8;-65;AIR;
-186;8;-64;AIR;
-186;8;-63;AIR;
-186;8;-62;AIR;
-186;8;-61;AIR;
-186;8;-60;AIR;
-186;8;-59;AIR;
-186;8;-58;AIR;
-186;8;-57;AIR;
-186;9;-72;AIR;
-186;9;-71;AIR;
-186;9;-70;AIR;
-186;9;-69;AIR;
-186;9;-68;AIR;
-186;9;-67;AIR;
-186;9;-66;AIR;
-186;9;-65;AIR;
-186;9;-64;AIR;
-186;9;-63;AIR;
-186;9;-62;AIR;
-186;9;-61;AIR;
-186;9;-60;AIR;
-186;9;-59;AIR;
-186;9;-58;AIR;
-186;9;-57;AIR;
-185;1;-72;GRASS_BLOCK;
-185;1;-71;GRASS_BLOCK;
-185;1;-70;DIRT;
-185;1;-69;DIRT;
-185;1;-68;DIRT;
-185;1;-67;DIRT;
-185;1;-66;DIRT;
-185;1;-65;DIRT;
-185;1;-64;DIRT;
-185;1;-63;DIRT;
-185;1;-62;DIRT;
-185;1;-61;DIRT;
-185;1;-60;DIRT;
-185;1;-59;DIRT;
-185;1;-58;GRASS_BLOCK;
-185;1;-57;GRASS_BLOCK;
-185;2;-72;AIR;
-185;2;-71;AIR;
-185;2;-70;DIRT;
-185;2;-69;STONE;
-185;2;-68;STONE;
-185;2;-67;STONE;
-185;2;-66;STONE;
-185;2;-65;STONE;
-185;2;-64;STONE;
-185;2;-63;STONE;
-185;2;-62;STONE;
-185;2;-61;STONE;
-185;2;-60;STONE;
-185;2;-59;DIRT;
-185;2;-58;AIR;
-185;2;-57;AIR;
-185;3;-72;AIR;
-185;3;-71;AIR;
-185;3;-70;GRASS_BLOCK;
-185;3;-69;STONE;
-185;3;-68;AIR;
-185;3;-67;AIR;
-185;3;-66;AIR;
-185;3;-65;AIR;
-185;3;-64;AIR;
-185;3;-63;AIR;
-185;3;-62;AIR;
-185;3;-61;AIR;
-185;3;-60;STONE;
-185;3;-59;GRASS_BLOCK;
-185;3;-58;AIR;
-185;3;-57;AIR;
-185;4;-72;AIR;
-185;4;-71;AIR;
-185;4;-70;AIR;
-185;4;-69;DIRT;
-185;4;-68;AIR;
-185;4;-67;AIR;
-185;4;-66;AIR;
-185;4;-65;AIR;
-185;4;-64;AIR;
-185;4;-63;AIR;
-185;4;-62;AIR;
-185;4;-61;AIR;
-185;4;-60;DIRT;
-185;4;-59;AIR;
-185;4;-58;AIR;
-185;4;-57;AIR;
-185;5;-72;AIR;
-185;5;-71;AIR;
-185;5;-70;AIR;
-185;5;-69;GRASS_BLOCK;
-185;5;-68;GRASS_BLOCK;
-185;5;-67;GRASS_BLOCK;
-185;5;-66;GRASS_BLOCK;
-185;5;-65;GRASS_BLOCK;
-185;5;-64;GRASS_BLOCK;
-185;5;-63;GRASS_BLOCK;
-185;5;-62;GRASS_BLOCK;
-185;5;-61;GRASS_BLOCK;
-185;5;-60;GRASS_BLOCK;
-185;5;-59;AIR;
-185;5;-58;AIR;
-185;5;-57;AIR;
-185;6;-72;AIR;
-185;6;-71;AIR;
-185;6;-70;AIR;
-185;6;-69;AIR;
-185;6;-68;AIR;
-185;6;-67;AIR;
-185;6;-66;AIR;
-185;6;-65;AIR;
-185;6;-64;AIR;
-185;6;-63;AIR;
-185;6;-62;AIR;
-185;6;-61;AIR;
-185;6;-60;AIR;
-185;6;-59;AIR;
-185;6;-58;AIR;
-185;6;-57;AIR;
-185;7;-72;AIR;
-185;7;-71;AIR;
-185;7;-70;AIR;
-185;7;-69;AIR;
-185;7;-68;AIR;
-185;7;-67;AIR;
-185;7;-66;AIR;
-185;7;-65;AIR;
-185;7;-64;AIR;
-185;7;-63;AIR;
-185;7;-62;AIR;
-185;7;-61;AIR;
-185;7;-60;AIR;
-185;7;-59;AIR;
-185;7;-58;AIR;
-185;7;-57;AIR;
-185;8;-72;AIR;
-185;8;-71;AIR;
-185;8;-70;AIR;
-185;8;-69;AIR;
-185;8;-68;AIR;
-185;8;-67;AIR;
-185;8;-66;AIR;
-185;8;-65;AIR;
-185;8;-64;AIR;
-185;8;-63;AIR;
-185;8;-62;AIR;
-185;8;-61;AIR;
-185;8;-60;AIR;
-185;8;-59;AIR;
-185;8;-58;AIR;
-185;8;-57;AIR;
-185;9;-72;AIR;
-185;9;-71;AIR;
-185;9;-70;AIR;
-185;9;-69;AIR;
-185;9;-68;AIR;
-185;9;-67;AIR;
-185;9;-66;AIR;
-185;9;-65;AIR;
-185;9;-64;AIR;
-185;9;-63;AIR;
-185;9;-62;AIR;
-185;9;-61;AIR;
-185;9;-60;AIR;
-185;9;-59;AIR;
-185;9;-58;AIR;
-185;9;-57;AIR;
-184;1;-72;GRASS_BLOCK;
-184;1;-71;DIRT;
-184;1;-70;DIRT;
-184;1;-69;DIRT;
-184;1;-68;DIRT;
-184;1;-67;DIRT;
-184;1;-66;DIRT;
-184;1;-65;DIRT;
-184;1;-64;DIRT;
-184;1;-63;DIRT;
-184;1;-62;DIRT;
-184;1;-61;DIRT;
-184;1;-60;DIRT;
-184;1;-59;DIRT;
-184;1;-58;DIRT;
-184;1;-57;GRASS_BLOCK;
-184;2;-72;AIR;
-184;2;-71;DIRT;
-184;2;-70;STONE;
-184;2;-69;STONE;
-184;2;-68;STONE;
-184;2;-67;STONE;
-184;2;-66;STONE;
-184;2;-65;STONE;
-184;2;-64;STONE;
-184;2;-63;STONE;
-184;2;-62;STONE;
-184;2;-61;STONE;
-184;2;-60;STONE;
-184;2;-59;STONE;
-184;2;-58;DIRT;
-184;2;-57;AIR;
-184;3;-72;AIR;
-184;3;-71;GRASS_BLOCK;
-184;3;-70;STONE;
-184;3;-69;AIR;
-184;3;-68;AIR;
-184;3;-67;AIR;
-184;3;-66;AIR;
-184;3;-65;AIR;
-184;3;-64;AIR;
-184;3;-63;AIR;
-184;3;-62;AIR;
-184;3;-61;AIR;
-184;3;-60;AIR;
-184;3;-59;STONE;
-184;3;-58;GRASS_BLOCK;
-184;3;-57;AIR;
-184;4;-72;AIR;
-184;4;-71;AIR;
-184;4;-70;DIRT;
-184;4;-69;AIR;
-184;4;-68;AIR;
-184;4;-67;AIR;
-184;4;-66;AIR;
-184;4;-65;AIR;
-184;4;-64;AIR;
-184;4;-63;AIR;
-184;4;-62;AIR;
-184;4;-61;AIR;
-184;4;-60;AIR;
-184;4;-59;DIRT;
-184;4;-58;AIR;
-184;4;-57;AIR;
-184;5;-72;AIR;
-184;5;-71;AIR;
-184;5;-70;GRASS_BLOCK;
-184;5;-69;GRASS_BLOCK;
-184;5;-68;GRASS_BLOCK;
-184;5;-67;STONE;
-184;5;-66;STONE;
-184;5;-65;STONE;
-184;5;-64;STONE;
-184;5;-63;STONE;
-184;5;-62;STONE;
-184;5;-61;GRASS_BLOCK;
-184;5;-60;GRASS_BLOCK;
-184;5;-59;GRASS_BLOCK;
-184;5;-58;AIR;
-184;5;-57;AIR;
-184;6;-72;AIR;
-184;6;-71;AIR;
-184;6;-70;AIR;
-184;6;-69;AIR;
-184;6;-68;AIR;
-184;6;-67;DIRT;
-184;6;-66;DIRT;
-184;6;-65;DIRT;
-184;6;-64;DIRT;
-184;6;-63;DIRT;
-184;6;-62;DIRT;
-184;6;-61;AIR;
-184;6;-60;AIR;
-184;6;-59;AIR;
-184;6;-58;AIR;
-184;6;-57;AIR;
-184;7;-72;AIR;
-184;7;-71;AIR;
-184;7;-70;AIR;
-184;7;-69;AIR;
-184;7;-68;AIR;
-184;7;-67;GRASS_BLOCK;
-184;7;-66;GRASS_BLOCK;
-184;7;-65;GRASS_BLOCK;
-184;7;-64;GRASS_BLOCK;
-184;7;-63;GRASS_BLOCK;
-184;7;-62;GRASS_BLOCK;
-184;7;-61;AIR;
-184;7;-60;AIR;
-184;7;-59;AIR;
-184;7;-58;AIR;
-184;7;-57;AIR;
-184;8;-72;AIR;
-184;8;-71;AIR;
-184;8;-70;AIR;
-184;8;-69;AIR;
-184;8;-68;AIR;
-184;8;-67;AIR;
-184;8;-66;AIR;
-184;8;-65;AIR;
-184;8;-64;AIR;
-184;8;-63;AIR;
-184;8;-62;AIR;
-184;8;-61;AIR;
-184;8;-60;AIR;
-184;8;-59;AIR;
-184;8;-58;AIR;
-184;8;-57;AIR;
-184;9;-72;AIR;
-184;9;-71;AIR;
-184;9;-70;AIR;
-184;9;-69;AIR;
-184;9;-68;AIR;
-184;9;-67;AIR;
-184;9;-66;AIR;
-184;9;-65;AIR;
-184;9;-64;AIR;
-184;9;-63;AIR;
-184;9;-62;AIR;
-184;9;-61;AIR;
-184;9;-60;AIR;
-184;9;-59;AIR;
-184;9;-58;AIR;
-184;9;-57;AIR;
-183;1;-72;GRASS_BLOCK;
-183;1;-71;DIRT;
-183;1;-70;DIRT;
-183;1;-69;DIRT;
-183;1;-68;DIRT;
-183;1;-67;DIRT;
-183;1;-66;DIRT;
-183;1;-65;DIRT;
-183;1;-64;DIRT;
-183;1;-63;DIRT;
-183;1;-62;DIRT;
-183;1;-61;DIRT;
-183;1;-60;DIRT;
-183;1;-59;DIRT;
-183;1;-58;DIRT;
-183;1;-57;GRASS_BLOCK;
-183;2;-72;AIR;
-183;2;-71;DIRT;
-183;2;-70;STONE;
-183;2;-69;STONE;
-183;2;-68;STONE;
-183;2;-67;STONE;
-183;2;-66;STONE;
-183;2;-65;STONE;
-183;2;-64;STONE;
-183;2;-63;STONE;
-183;2;-62;STONE;
-183;2;-61;STONE;
-183;2;-60;STONE;
-183;2;-59;STONE;
-183;2;-58;DIRT;
-183;2;-57;AIR;
-183;3;-72;AIR;
-183;3;-71;GRASS_BLOCK;
-183;3;-70;STONE;
-183;3;-69;AIR;
-183;3;-68;AIR;
-183;3;-67;AIR;
-183;3;-66;AIR;
-183;3;-65;AIR;
-183;3;-64;AIR;
-183;3;-63;AIR;
-183;3;-62;AIR;
-183;3;-61;AIR;
-183;3;-60;AIR;
-183;3;-59;STONE;
-183;3;-58;GRASS_BLOCK;
-183;3;-57;AIR;
-183;4;-72;AIR;
-183;4;-71;AIR;
-183;4;-70;DIRT;
-183;4;-69;AIR;
-183;4;-68;AIR;
-183;4;-67;AIR;
-183;4;-66;AIR;
-183;4;-65;AIR;
-183;4;-64;AIR;
-183;4;-63;AIR;
-183;4;-62;AIR;
-183;4;-61;AIR;
-183;4;-60;AIR;
-183;4;-59;DIRT;
-183;4;-58;AIR;
-183;4;-57;AIR;
-183;5;-72;AIR;
-183;5;-71;AIR;
-183;5;-70;GRASS_BLOCK;
-183;5;-69;GRASS_BLOCK;
-183;5;-68;STONE;
-183;5;-67;STONE;
-183;5;-66;STONE;
-183;5;-65;STONE;
-183;5;-64;STONE;
-183;5;-63;STONE;
-183;5;-62;STONE;
-183;5;-61;STONE;
-183;5;-60;GRASS_BLOCK;
-183;5;-59;GRASS_BLOCK;
-183;5;-58;AIR;
-183;5;-57;AIR;
-183;6;-72;AIR;
-183;6;-71;AIR;
-183;6;-70;AIR;
-183;6;-69;AIR;
-183;6;-68;DIRT;
-183;6;-67;AIR;
-183;6;-66;AIR;
-183;6;-65;AIR;
-183;6;-64;AIR;
-183;6;-63;AIR;
-183;6;-62;AIR;
-183;6;-61;DIRT;
-183;6;-60;AIR;
-183;6;-59;AIR;
-183;6;-58;AIR;
-183;6;-57;AIR;
-183;7;-72;AIR;
-183;7;-71;AIR;
-183;7;-70;AIR;
-183;7;-69;AIR;
-183;7;-68;GRASS_BLOCK;
-183;7;-67;GRASS_BLOCK;
-183;7;-66;GRASS_BLOCK;
-183;7;-65;GRASS_BLOCK;
-183;7;-64;GRASS_BLOCK;
-183;7;-63;GRASS_BLOCK;
-183;7;-62;GRASS_BLOCK;
-183;7;-61;GRASS_BLOCK;
-183;7;-60;AIR;
-183;7;-59;AIR;
-183;7;-58;AIR;
-183;7;-57;AIR;
-183;8;-72;AIR;
-183;8;-71;AIR;
-183;8;-70;AIR;
-183;8;-69;AIR;
-183;8;-68;AIR;
-183;8;-67;AIR;
-183;8;-66;AIR;
-183;8;-65;AIR;
-183;8;-64;AIR;
-183;8;-63;AIR;
-183;8;-62;AIR;
-183;8;-61;AIR;
-183;8;-60;AIR;
-183;8;-59;AIR;
-183;8;-58;AIR;
-183;8;-57;AIR;
-183;9;-72;AIR;
-183;9;-71;AIR;
-183;9;-70;AIR;
-183;9;-69;AIR;
-183;9;-68;AIR;
-183;9;-67;AIR;
-183;9;-66;AIR;
-183;9;-65;AIR;
-183;9;-64;AIR;
-183;9;-63;AIR;
-183;9;-62;AIR;
-183;9;-61;AIR;
-183;9;-60;AIR;
-183;9;-59;AIR;
-183;9;-58;AIR;
-183;9;-57;AIR;
-182;1;-72;GRASS_BLOCK;
-182;1;-71;DIRT;
-182;1;-70;DIRT;
-182;1;-69;DIRT;
-182;1;-68;DIRT;
-182;1;-67;DIRT;
-182;1;-66;DIRT;
-182;1;-65;DIRT;
-182;1;-64;DIRT;
-182;1;-63;DIRT;
-182;1;-62;DIRT;
-182;1;-61;DIRT;
-182;1;-60;DIRT;
-182;1;-59;DIRT;
-182;1;-58;DIRT;
-182;1;-57;GRASS_BLOCK;
-182;2;-72;AIR;
-182;2;-71;DIRT;
-182;2;-70;STONE;
-182;2;-69;STONE;
-182;2;-68;STONE;
-182;2;-67;STONE;
-182;2;-66;STONE;
-182;2;-65;STONE;
-182;2;-64;STONE;
-182;2;-63;STONE;
-182;2;-62;STONE;
-182;2;-61;STONE;
-182;2;-60;STONE;
-182;2;-59;STONE;
-182;2;-58;DIRT;
-182;2;-57;AIR;
-182;3;-72;AIR;
-182;3;-71;GRASS_BLOCK;
-182;3;-70;STONE;
-182;3;-69;AIR;
-182;3;-68;AIR;
-182;3;-67;AIR;
-182;3;-66;AIR;
-182;3;-65;AIR;
-182;3;-64;AIR;
-182;3;-63;AIR;
-182;3;-62;AIR;
-182;3;-61;AIR;
-182;3;-60;AIR;
-182;3;-59;STONE;
-182;3;-58;GRASS_BLOCK;
-182;3;-57;AIR;
-182;4;-72;AIR;
-182;4;-71;AIR;
-182;4;-70;DIRT;
-182;4;-69;AIR;
-182;4;-68;AIR;
-182;4;-67;AIR;
-182;4;-66;AIR;
-182;4;-65;AIR;
-182;4;-64;AIR;
-182;4;-63;AIR;
-182;4;-62;AIR;
-182;4;-61;AIR;
-182;4;-60;AIR;
-182;4;-59;DIRT;
-182;4;-58;AIR;
-182;4;-57;AIR;
-182;5;-72;AIR;
-182;5;-71;AIR;
-182;5;-70;GRASS_BLOCK;
-182;5;-69;GRASS_BLOCK;
-182;5;-68;STONE;
-182;5;-67;STONE;
-182;5;-66;STONE;
-182;5;-65;STONE;
-182;5;-64;STONE;
-182;5;-63;STONE;
-182;5;-62;STONE;
-182;5;-61;STONE;
-182;5;-60;GRASS_BLOCK;
-182;5;-59;GRASS_BLOCK;
-182;5;-58;AIR;
-182;5;-57;AIR;
-182;6;-72;AIR;
-182;6;-71;AIR;
-182;6;-70;AIR;
-182;6;-69;AIR;
-182;6;-68;DIRT;
-182;6;-67;AIR;
-182;6;-66;AIR;
-182;6;-65;AIR;
-182;6;-64;AIR;
-182;6;-63;AIR;
-182;6;-62;AIR;
-182;6;-61;DIRT;
-182;6;-60;AIR;
-182;6;-59;AIR;
-182;6;-58;AIR;
-182;6;-57;AIR;
-182;7;-72;AIR;
-182;7;-71;AIR;
-182;7;-70;AIR;
-182;7;-69;AIR;
-182;7;-68;GRASS_BLOCK;
-182;7;-67;GRASS_BLOCK;
-182;7;-66;GRASS_BLOCK;
-182;7;-65;STONE;
-182;7;-64;STONE;
-182;7;-63;GRASS_BLOCK;
-182;7;-62;GRASS_BLOCK;
-182;7;-61;GRASS_BLOCK;
-182;7;-60;AIR;
-182;7;-59;AIR;
-182;7;-58;AIR;
-182;7;-57;AIR;
-182;8;-72;AIR;
-182;8;-71;AIR;
-182;8;-70;AIR;
-182;8;-69;AIR;
-182;8;-68;AIR;
-182;8;-67;AIR;
-182;8;-66;AIR;
-182;8;-65;GRASS_BLOCK;
-182;8;-64;GRASS_BLOCK;
-182;8;-63;AIR;
-182;8;-62;AIR;
-182;8;-61;AIR;
-182;8;-60;AIR;
-182;8;-59;AIR;
-182;8;-58;AIR;
-182;8;-57;AIR;
-182;9;-72;AIR;
-182;9;-71;AIR;
-182;9;-70;AIR;
-182;9;-69;AIR;
-182;9;-68;AIR;
-182;9;-67;AIR;
-182;9;-66;AIR;
-182;9;-65;AIR;
-182;9;-64;AIR;
-182;9;-63;AIR;
-182;9;-62;AIR;
-182;9;-61;AIR;
-182;9;-60;AIR;
-182;9;-59;AIR;
-182;9;-58;AIR;
-182;9;-57;AIR;
-181;1;-72;GRASS_BLOCK;
-181;1;-71;DIRT;
-181;1;-70;DIRT;
-181;1;-69;DIRT;
-181;1;-68;DIRT;
-181;1;-67;DIRT;
-181;1;-66;DIRT;
-181;1;-65;DIRT;
-181;1;-64;DIRT;
-181;1;-63;DIRT;
-181;1;-62;DIRT;
-181;1;-61;DIRT;
-181;1;-60;DIRT;
-181;1;-59;DIRT;
-181;1;-58;DIRT;
-181;1;-57;GRASS_BLOCK;
-181;2;-72;AIR;
-181;2;-71;DIRT;
-181;2;-70;STONE;
-181;2;-69;STONE;
-181;2;-68;STONE;
-181;2;-67;STONE;
-181;2;-66;STONE;
-181;2;-65;STONE;
-181;2;-64;STONE;
-181;2;-63;STONE;
-181;2;-62;STONE;
-181;2;-61;STONE;
-181;2;-60;STONE;
-181;2;-59;STONE;
-181;2;-58;DIRT;
-181;2;-57;AIR;
-181;3;-72;AIR;
-181;3;-71;GRASS_BLOCK;
-181;3;-70;STONE;
-181;3;-69;AIR;
-181;3;-68;AIR;
-181;3;-67;AIR;
-181;3;-66;AIR;
-181;3;-65;AIR;
-181;3;-64;AIR;
-181;3;-63;AIR;
-181;3;-62;AIR;
-181;3;-61;AIR;
-181;3;-60;AIR;
-181;3;-59;STONE;
-181;3;-58;GRASS_BLOCK;
-181;3;-57;AIR;
-181;4;-72;AIR;
-181;4;-71;AIR;
-181;4;-70;DIRT;
-181;4;-69;AIR;
-181;4;-68;AIR;
-181;4;-67;AIR;
-181;4;-66;AIR;
-181;4;-65;AIR;
-181;4;-64;AIR;
-181;4;-63;AIR;
-181;4;-62;AIR;
-181;4;-61;AIR;
-181;4;-60;AIR;
-181;4;-59;DIRT;
-181;4;-58;AIR;
-181;4;-57;AIR;
-181;5;-72;AIR;
-181;5;-71;AIR;
-181;5;-70;GRASS_BLOCK;
-181;5;-69;GRASS_BLOCK;
-181;5;-68;STONE;
-181;5;-67;STONE;
-181;5;-66;STONE;
-181;5;-65;STONE;
-181;5;-64;STONE;
-181;5;-63;STONE;
-181;5;-62;STONE;
-181;5;-61;STONE;
-181;5;-60;GRASS_BLOCK;
-181;5;-59;GRASS_BLOCK;
-181;5;-58;AIR;
-181;5;-57;AIR;
-181;6;-72;AIR;
-181;6;-71;AIR;
-181;6;-70;AIR;
-181;6;-69;AIR;
-181;6;-68;DIRT;
-181;6;-67;AIR;
-181;6;-66;AIR;
-181;6;-65;AIR;
-181;6;-64;AIR;
-181;6;-63;AIR;
-181;6;-62;AIR;
-181;6;-61;DIRT;
-181;6;-60;AIR;
-181;6;-59;AIR;
-181;6;-58;AIR;
-181;6;-57;AIR;
-181;7;-72;AIR;
-181;7;-71;AIR;
-181;7;-70;AIR;
-181;7;-69;AIR;
-181;7;-68;GRASS_BLOCK;
-181;7;-67;GRASS_BLOCK;
-181;7;-66;STONE;
-181;7;-65;STONE;
-181;7;-64;STONE;
-181;7;-63;STONE;
-181;7;-62;GRASS_BLOCK;
-181;7;-61;GRASS_BLOCK;
-181;7;-60;AIR;
-181;7;-59;AIR;
-181;7;-58;AIR;
-181;7;-57;AIR;
-181;8;-72;AIR;
-181;8;-71;AIR;
-181;8;-70;AIR;
-181;8;-69;AIR;
-181;8;-68;AIR;
-181;8;-67;AIR;
-181;8;-66;GRASS_BLOCK;
-181;8;-65;STONE;
-181;8;-64;STONE;
-181;8;-63;GRASS_BLOCK;
-181;8;-62;AIR;
-181;8;-61;AIR;
-181;8;-60;AIR;
-181;8;-59;AIR;
-181;8;-58;AIR;
-181;8;-57;AIR;
-181;9;-72;AIR;
-181;9;-71;AIR;
-181;9;-70;AIR;
-181;9;-69;AIR;
-181;9;-68;AIR;
-181;9;-67;AIR;
-181;9;-66;AIR;
-181;9;-65;GRASS_BLOCK;
-181;9;-64;GRASS_BLOCK;
-181;9;-63;AIR;
-181;9;-62;AIR;
-181;9;-61;AIR;
-181;9;-60;AIR;
-181;9;-59;AIR;
-181;9;-58;AIR;
-181;9;-57;AIR;
-180;1;-72;GRASS_BLOCK;
-180;1;-71;DIRT;
-180;1;-70;DIRT;
-180;1;-69;DIRT;
-180;1;-68;DIRT;
-180;1;-67;DIRT;
-180;1;-66;DIRT;
-180;1;-65;DIRT;
-180;1;-64;DIRT;
-180;1;-63;DIRT;
-180;1;-62;DIRT;
-180;1;-61;DIRT;
-180;1;-60;DIRT;
-180;1;-59;DIRT;
-180;1;-58;DIRT;
-180;1;-57;GRASS_BLOCK;
-180;2;-72;AIR;
-180;2;-71;DIRT;
-180;2;-70;STONE;
-180;2;-69;STONE;
-180;2;-68;STONE;
-180;2;-67;STONE;
-180;2;-66;STONE;
-180;2;-65;STONE;
-180;2;-64;STONE;
-180;2;-63;STONE;
-180;2;-62;STONE;
-180;2;-61;STONE;
-180;2;-60;STONE;
-180;2;-59;STONE;
-180;2;-58;DIRT;
-180;2;-57;AIR;
-180;3;-72;AIR;
-180;3;-71;GRASS_BLOCK;
-180;3;-70;STONE;
-180;3;-69;AIR;
-180;3;-68;AIR;
-180;3;-67;AIR;
-180;3;-66;AIR;
-180;3;-65;AIR;
-180;3;-64;AIR;
-180;3;-63;AIR;
-180;3;-62;AIR;
-180;3;-61;AIR;
-180;3;-60;AIR;
-180;3;-59;STONE;
-180;3;-58;GRASS_BLOCK;
-180;3;-57;AIR;
-180;4;-72;AIR;
-180;4;-71;AIR;
-180;4;-70;DIRT;
-180;4;-69;AIR;
-180;4;-68;AIR;
-180;4;-67;AIR;
-180;4;-66;AIR;
-180;4;-65;AIR;
-180;4;-64;AIR;
-180;4;-63;AIR;
-180;4;-62;AIR;
-180;4;-61;AIR;
-180;4;-60;AIR;
-180;4;-59;DIRT;
-180;4;-58;AIR;
-180;4;-57;AIR;
-180;5;-72;AIR;
-180;5;-71;AIR;
-180;5;-70;GRASS_BLOCK;
-180;5;-69;GRASS_BLOCK;
-180;5;-68;STONE;
-180;5;-67;STONE;
-180;5;-66;STONE;
-180;5;-65;STONE;
-180;5;-64;STONE;
-180;5;-63;STONE;
-180;5;-62;STONE;
-180;5;-61;STONE;
-180;5;-60;GRASS_BLOCK;
-180;5;-59;GRASS_BLOCK;
-180;5;-58;AIR;
-180;5;-57;AIR;
-180;6;-72;AIR;
-180;6;-71;AIR;
-180;6;-70;AIR;
-180;6;-69;AIR;
-180;6;-68;DIRT;
-180;6;-67;AIR;
-180;6;-66;AIR;
-180;6;-65;AIR;
-180;6;-64;AIR;
-180;6;-63;AIR;
-180;6;-62;AIR;
-180;6;-61;DIRT;
-180;6;-60;AIR;
-180;6;-59;AIR;
-180;6;-58;AIR;
-180;6;-57;AIR;
-180;7;-72;AIR;
-180;7;-71;AIR;
-180;7;-70;AIR;
-180;7;-69;AIR;
-180;7;-68;GRASS_BLOCK;
-180;7;-67;GRASS_BLOCK;
-180;7;-66;STONE;
-180;7;-65;STONE;
-180;7;-64;STONE;
-180;7;-63;STONE;
-180;7;-62;GRASS_BLOCK;
-180;7;-61;GRASS_BLOCK;
-180;7;-60;AIR;
-180;7;-59;AIR;
-180;7;-58;AIR;
-180;7;-57;AIR;
-180;8;-72;AIR;
-180;8;-71;AIR;
-180;8;-70;AIR;
-180;8;-69;AIR;
-180;8;-68;AIR;
-180;8;-67;AIR;
-180;8;-66;GRASS_BLOCK;
-180;8;-65;STONE;
-180;8;-64;STONE;
-180;8;-63;GRASS_BLOCK;
-180;8;-62;AIR;
-180;8;-61;AIR;
-180;8;-60;AIR;
-180;8;-59;AIR;
-180;8;-58;AIR;
-180;8;-57;AIR;
-180;9;-72;AIR;
-180;9;-71;AIR;
-180;9;-70;AIR;
-180;9;-69;AIR;
-180;9;-68;AIR;
-180;9;-67;AIR;
-180;9;-66;AIR;
-180;9;-65;GRASS_BLOCK;
-180;9;-64;GRASS_BLOCK;
-180;9;-63;AIR;
-180;9;-62;AIR;
-180;9;-61;AIR;
-180;9;-60;AIR;
-180;9;-59;AIR;
-180;9;-58;AIR;
-180;9;-57;AIR;
-179;1;-72;GRASS_BLOCK;
-179;1;-71;DIRT;
-179;1;-70;DIRT;
-179;1;-69;DIRT;
-179;1;-68;DIRT;
-179;1;-67;DIRT;
-179;1;-66;DIRT;
-179;1;-65;DIRT;
-179;1;-64;DIRT;
-179;1;-63;DIRT;
-179;1;-62;DIRT;
-179;1;-61;DIRT;
-179;1;-60;DIRT;
-179;1;-59;DIRT;
-179;1;-58;DIRT;
-179;1;-57;GRASS_BLOCK;
-179;2;-72;AIR;
-179;2;-71;DIRT;
-179;2;-70;STONE;
-179;2;-69;STONE;
-179;2;-68;STONE;
-179;2;-67;STONE;
-179;2;-66;STONE;
-179;2;-65;STONE;
-179;2;-64;STONE;
-179;2;-63;STONE;
-179;2;-62;STONE;
-179;2;-61;STONE;
-179;2;-60;STONE;
-179;2;-59;STONE;
-179;2;-58;DIRT;
-179;2;-57;AIR;
-179;3;-72;AIR;
-179;3;-71;GRASS_BLOCK;
-179;3;-70;STONE;
-179;3;-69;AIR;
-179;3;-68;AIR;
-179;3;-67;AIR;
-179;3;-66;AIR;
-179;3;-65;AIR;
-179;3;-64;AIR;
-179;3;-63;AIR;
-179;3;-62;AIR;
-179;3;-61;AIR;
-179;3;-60;AIR;
-179;3;-59;STONE;
-179;3;-58;GRASS_BLOCK;
-179;3;-57;AIR;
-179;4;-72;AIR;
-179;4;-71;AIR;
-179;4;-70;DIRT;
-179;4;-69;AIR;
-179;4;-68;AIR;
-179;4;-67;AIR;
-179;4;-66;AIR;
-179;4;-65;AIR;
-179;4;-64;AIR;
-179;4;-63;AIR;
-179;4;-62;AIR;
-179;4;-61;AIR;
-179;4;-60;AIR;
-179;4;-59;DIRT;
-179;4;-58;AIR;
-179;4;-57;AIR;
-179;5;-72;AIR;
-179;5;-71;AIR;
-179;5;-70;GRASS_BLOCK;
-179;5;-69;GRASS_BLOCK;
-179;5;-68;STONE;
-179;5;-67;STONE;
-179;5;-66;STONE;
-179;5;-65;STONE;
-179;5;-64;STONE;
-179;5;-63;STONE;
-179;5;-62;STONE;
-179;5;-61;STONE;
-179;5;-60;GRASS_BLOCK;
-179;5;-59;GRASS_BLOCK;
-179;5;-58;AIR;
-179;5;-57;AIR;
-179;6;-72;AIR;
-179;6;-71;AIR;
-179;6;-70;AIR;
-179;6;-69;AIR;
-179;6;-68;DIRT;
-179;6;-67;AIR;
-179;6;-66;AIR;
-179;6;-65;AIR;
-179;6;-64;AIR;
-179;6;-63;AIR;
-179;6;-62;AIR;
-179;6;-61;DIRT;
-179;6;-60;AIR;
-179;6;-59;AIR;
-179;6;-58;AIR;
-179;6;-57;AIR;
-179;7;-72;AIR;
-179;7;-71;AIR;
-179;7;-70;AIR;
-179;7;-69;AIR;
-179;7;-68;GRASS_BLOCK;
-179;7;-67;GRASS_BLOCK;
-179;7;-66;GRASS_BLOCK;
-179;7;-65;STONE;
-179;7;-64;STONE;
-179;7;-63;GRASS_BLOCK;
-179;7;-62;GRASS_BLOCK;
-179;7;-61;GRASS_BLOCK;
-179;7;-60;AIR;
-179;7;-59;AIR;
-179;7;-58;AIR;
-179;7;-57;AIR;
-179;8;-72;AIR;
-179;8;-71;AIR;
-179;8;-70;AIR;
-179;8;-69;AIR;
-179;8;-68;AIR;
-179;8;-67;AIR;
-179;8;-66;AIR;
-179;8;-65;GRASS_BLOCK;
-179;8;-64;GRASS_BLOCK;
-179;8;-63;AIR;
-179;8;-62;AIR;
-179;8;-61;AIR;
-179;8;-60;AIR;
-179;8;-59;AIR;
-179;8;-58;AIR;
-179;8;-57;AIR;
-179;9;-72;AIR;
-179;9;-71;AIR;
-179;9;-70;AIR;
-179;9;-69;AIR;
-179;9;-68;AIR;
-179;9;-67;AIR;
-179;9;-66;AIR;
-179;9;-65;AIR;
-179;9;-64;AIR;
-179;9;-63;AIR;
-179;9;-62;AIR;
-179;9;-61;AIR;
-179;9;-60;AIR;
-179;9;-59;AIR;
-179;9;-58;AIR;
-179;9;-57;AIR;
-178;1;-72;GRASS_BLOCK;
-178;1;-71;DIRT;
-178;1;-70;DIRT;
-178;1;-69;DIRT;
-178;1;-68;DIRT;
-178;1;-67;DIRT;
-178;1;-66;DIRT;
-178;1;-65;DIRT;
-178;1;-64;DIRT;
-178;1;-63;DIRT;
-178;1;-62;DIRT;
-178;1;-61;DIRT;
-178;1;-60;DIRT;
-178;1;-59;DIRT;
-178;1;-58;DIRT;
-178;1;-57;GRASS_BLOCK;
-178;2;-72;AIR;
-178;2;-71;DIRT;
-178;2;-70;STONE;
-178;2;-69;STONE;
-178;2;-68;STONE;
-178;2;-67;STONE;
-178;2;-66;STONE;
-178;2;-65;STONE;
-178;2;-64;STONE;
-178;2;-63;STONE;
-178;2;-62;STONE;
-178;2;-61;STONE;
-178;2;-60;STONE;
-178;2;-59;STONE;
-178;2;-58;DIRT;
-178;2;-57;AIR;
-178;3;-72;AIR;
-178;3;-71;GRASS_BLOCK;
-178;3;-70;STONE;
-178;3;-69;AIR;
-178;3;-68;AIR;
-178;3;-67;AIR;
-178;3;-66;AIR;
-178;3;-65;AIR;
-178;3;-64;AIR;
-178;3;-63;AIR;
-178;3;-62;AIR;
-178;3;-61;AIR;
-178;3;-60;AIR;
-178;3;-59;STONE;
-178;3;-58;GRASS_BLOCK;
-178;3;-57;AIR;
-178;4;-72;AIR;
-178;4;-71;AIR;
-178;4;-70;DIRT;
-178;4;-69;AIR;
-178;4;-68;AIR;
-178;4;-67;AIR;
-178;4;-66;AIR;
-178;4;-65;AIR;
-178;4;-64;AIR;
-178;4;-63;AIR;
-178;4;-62;AIR;
-178;4;-61;AIR;
-178;4;-60;AIR;
-178;4;-59;DIRT;
-178;4;-58;AIR;
-178;4;-57;AIR;
-178;5;-72;AIR;
-178;5;-71;AIR;
-178;5;-70;GRASS_BLOCK;
-178;5;-69;GRASS_BLOCK;
-178;5;-68;STONE;
-178;5;-67;STONE;
-178;5;-66;STONE;
-178;5;-65;STONE;
-178;5;-64;STONE;
-178;5;-63;STONE;
-178;5;-62;STONE;
-178;5;-61;STONE;
-178;5;-60;GRASS_BLOCK;
-178;5;-59;GRASS_BLOCK;
-178;5;-58;AIR;
-178;5;-57;AIR;
-178;6;-72;AIR;
-178;6;-71;AIR;
-178;6;-70;AIR;
-178;6;-69;AIR;
-178;6;-68;DIRT;
-178;6;-67;AIR;
-178;6;-66;AIR;
-178;6;-65;AIR;
-178;6;-64;AIR;
-178;6;-63;AIR;
-178;6;-62;AIR;
-178;6;-61;DIRT;
-178;6;-60;AIR;
-178;6;-59;AIR;
-178;6;-58;AIR;
-178;6;-57;AIR;
-178;7;-72;AIR;
-178;7;-71;AIR;
-178;7;-70;AIR;
-178;7;-69;AIR;
-178;7;-68;GRASS_BLOCK;
-178;7;-67;GRASS_BLOCK;
-178;7;-66;GRASS_BLOCK;
-178;7;-65;GRASS_BLOCK;
-178;7;-64;GRASS_BLOCK;
-178;7;-63;GRASS_BLOCK;
-178;7;-62;GRASS_BLOCK;
-178;7;-61;GRASS_BLOCK;
-178;7;-60;AIR;
-178;7;-59;AIR;
-178;7;-58;AIR;
-178;7;-57;AIR;
-178;8;-72;AIR;
-178;8;-71;AIR;
-178;8;-70;AIR;
-178;8;-69;AIR;
-178;8;-68;AIR;
-178;8;-67;AIR;
-178;8;-66;AIR;
-178;8;-65;AIR;
-178;8;-64;AIR;
-178;8;-63;AIR;
-178;8;-62;AIR;
-178;8;-61;AIR;
-178;8;-60;AIR;
-178;8;-59;AIR;
-178;8;-58;AIR;
-178;8;-57;AIR;
-178;9;-72;AIR;
-178;9;-71;AIR;
-178;9;-70;AIR;
-178;9;-69;AIR;
-178;9;-68;AIR;
-178;9;-67;AIR;
-178;9;-66;AIR;
-178;9;-65;AIR;
-178;9;-64;AIR;
-178;9;-63;AIR;
-178;9;-62;AIR;
-178;9;-61;AIR;
-178;9;-60;AIR;
-178;9;-59;AIR;
-178;9;-58;AIR;
-178;9;-57;AIR;
-177;1;-72;GRASS_BLOCK;
-177;1;-71;DIRT;
-177;1;-70;DIRT;
-177;1;-69;DIRT;
-177;1;-68;DIRT;
-177;1;-67;DIRT;
-177;1;-66;DIRT;
-177;1;-65;DIRT;
-177;1;-64;DIRT;
-177;1;-63;DIRT;
-177;1;-62;DIRT;
-177;1;-61;DIRT;
-177;1;-60;DIRT;
-177;1;-59;DIRT;
-177;1;-58;DIRT;
-177;1;-57;GRASS_BLOCK;
-177;2;-72;AIR;
-177;2;-71;DIRT;
-177;2;-70;STONE;
-177;2;-69;STONE;
-177;2;-68;STONE;
-177;2;-67;STONE;
-177;2;-66;STONE;
-177;2;-65;STONE;
-177;2;-64;STONE;
-177;2;-63;STONE;
-177;2;-62;STONE;
-177;2;-61;STONE;
-177;2;-60;STONE;
-177;2;-59;STONE;
-177;2;-58;DIRT;
-177;2;-57;AIR;
-177;3;-72;AIR;
-177;3;-71;GRASS_BLOCK;
-177;3;-70;STONE;
-177;3;-69;AIR;
-177;3;-68;AIR;
-177;3;-67;AIR;
-177;3;-66;AIR;
-177;3;-65;AIR;
-177;3;-64;AIR;
-177;3;-63;AIR;
-177;3;-62;AIR;
-177;3;-61;AIR;
-177;3;-60;AIR;
-177;3;-59;STONE;
-177;3;-58;GRASS_BLOCK;
-177;3;-57;AIR;
-177;4;-72;AIR;
-177;4;-71;AIR;
-177;4;-70;DIRT;
-177;4;-69;AIR;
-177;4;-68;AIR;
-177;4;-67;AIR;
-177;4;-66;AIR;
-177;4;-65;AIR;
-177;4;-64;AIR;
-177;4;-63;AIR;
-177;4;-62;AIR;
-177;4;-61;AIR;
-177;4;-60;AIR;
-177;4;-59;DIRT;
-177;4;-58;AIR;
-177;4;-57;AIR;
-177;5;-72;AIR;
-177;5;-71;AIR;
-177;5;-70;GRASS_BLOCK;
-177;5;-69;GRASS_BLOCK;
-177;5;-68;GRASS_BLOCK;
-177;5;-67;STONE;
-177;5;-66;STONE;
-177;5;-65;STONE;
-177;5;-64;STONE;
-177;5;-63;STONE;
-177;5;-62;STONE;
-177;5;-61;GRASS_BLOCK;
-177;5;-60;GRASS_BLOCK;
-177;5;-59;GRASS_BLOCK;
-177;5;-58;AIR;
-177;5;-57;AIR;
-177;6;-72;AIR;
-177;6;-71;AIR;
-177;6;-70;AIR;
-177;6;-69;AIR;
-177;6;-68;AIR;
-177;6;-67;DIRT;
-177;6;-66;DIRT;
-177;6;-65;DIRT;
-177;6;-64;DIRT;
-177;6;-63;DIRT;
-177;6;-62;DIRT;
-177;6;-61;AIR;
-177;6;-60;AIR;
-177;6;-59;AIR;
-177;6;-58;AIR;
-177;6;-57;AIR;
-177;7;-72;AIR;
-177;7;-71;AIR;
-177;7;-70;AIR;
-177;7;-69;AIR;
-177;7;-68;AIR;
-177;7;-67;GRASS_BLOCK;
-177;7;-66;GRASS_BLOCK;
-177;7;-65;GRASS_BLOCK;
-177;7;-64;GRASS_BLOCK;
-177;7;-63;GRASS_BLOCK;
-177;7;-62;GRASS_BLOCK;
-177;7;-61;AIR;
-177;7;-60;AIR;
-177;7;-59;AIR;
-177;7;-58;AIR;
-177;7;-57;AIR;
-177;8;-72;AIR;
-177;8;-71;AIR;
-177;8;-70;AIR;
-177;8;-69;AIR;
-177;8;-68;AIR;
-177;8;-67;AIR;
-177;8;-66;AIR;
-177;8;-65;AIR;
-177;8;-64;AIR;
-177;8;-63;AIR;
-177;8;-62;AIR;
-177;8;-61;AIR;
-177;8;-60;AIR;
-177;8;-59;AIR;
-177;8;-58;AIR;
-177;8;-57;AIR;
-177;9;-72;AIR;
-177;9;-71;AIR;
-177;9;-70;AIR;
-177;9;-69;AIR;
-177;9;-68;AIR;
-177;9;-67;AIR;
-177;9;-66;AIR;
-177;9;-65;AIR;
-177;9;-64;AIR;
-177;9;-63;AIR;
-177;9;-62;AIR;
-177;9;-61;AIR;
-177;9;-60;AIR;
-177;9;-59;AIR;
-177;9;-58;AIR;
-177;9;-57;AIR;
-176;1;-72;GRASS_BLOCK;
-176;1;-71;GRASS_BLOCK;
-176;1;-70;DIRT;
-176;1;-69;DIRT;
-176;1;-68;DIRT;
-176;1;-67;DIRT;
-176;1;-66;DIRT;
-176;1;-65;DIRT;
-176;1;-64;DIRT;
-176;1;-63;DIRT;
-176;1;-62;DIRT;
-176;1;-61;DIRT;
-176;1;-60;DIRT;
-176;1;-59;DIRT;
-176;1;-58;GRASS_BLOCK;
-176;1;-57;GRASS_BLOCK;
-176;2;-72;AIR;
-176;2;-71;AIR;
-176;2;-70;DIRT;
-176;2;-69;STONE;
-176;2;-68;STONE;
-176;2;-67;STONE;
-176;2;-66;STONE;
-176;2;-65;STONE;
-176;2;-64;STONE;
-176;2;-63;STONE;
-176;2;-62;STONE;
-176;2;-61;STONE;
-176;2;-60;STONE;
-176;2;-59;DIRT;
-176;2;-58;AIR;
-176;2;-57;AIR;
-176;3;-72;AIR;
-176;3;-71;AIR;
-176;3;-70;GRASS_BLOCK;
-176;3;-69;STONE;
-176;3;-68;AIR;
-176;3;-67;AIR;
-176;3;-66;AIR;
-176;3;-65;AIR;
-176;3;-64;AIR;
-176;3;-63;AIR;
-176;3;-62;AIR;
-176;3;-61;AIR;
-176;3;-60;STONE;
-176;3;-59;GRASS_BLOCK;
-176;3;-58;AIR;
-176;3;-57;AIR;
-176;4;-72;AIR;
-176;4;-71;AIR;
-176;4;-70;AIR;
-176;4;-69;DIRT;
-176;4;-68;AIR;
-176;4;-67;AIR;
-176;4;-66;AIR;
-176;4;-65;AIR;
-176;4;-64;AIR;
-176;4;-63;AIR;
-176;4;-62;AIR;
-176;4;-61;AIR;
-176;4;-60;DIRT;
-176;4;-59;AIR;
-176;4;-58;AIR;
-176;4;-57;AIR;
-176;5;-72;AIR;
-176;5;-71;AIR;
-176;5;-70;AIR;
-176;5;-69;GRASS_BLOCK;
-176;5;-68;GRASS_BLOCK;
-176;5;-67;GRASS_BLOCK;
-176;5;-66;GRASS_BLOCK;
-176;5;-65;GRASS_BLOCK;
-176;5;-64;GRASS_BLOCK;
-176;5;-63;GRASS_BLOCK;
-176;5;-62;GRASS_BLOCK;
-176;5;-61;GRASS_BLOCK;
-176;5;-60;GRASS_BLOCK;
-176;5;-59;AIR;
-176;5;-58;AIR;
-176;5;-57;AIR;
-176;6;-72;AIR;
-176;6;-71;AIR;
-176;6;-70;AIR;
-176;6;-69;AIR;
-176;6;-68;AIR;
-176;6;-67;AIR;
-176;6;-66;AIR;
-176;6;-65;AIR;
-176;6;-64;AIR;
-176;6;-63;AIR;
-176;6;-62;AIR;
-176;6;-61;AIR;
-176;6;-60;AIR;
-176;6;-59;AIR;
-176;6;-58;AIR;
-176;6;-57;AIR;
-176;7;-72;AIR;
-176;7;-71;AIR;
-176;7;-70;AIR;
-176;7;-69;AIR;
-176;7;-68;AIR;
-176;7;-67;AIR;
-176;7;-66;AIR;
-176;7;-65;AIR;
-176;7;-64;AIR;
-176;7;-63;AIR;
-176;7;-62;AIR;
-176;7;-61;AIR;
-176;7;-60;AIR;
-176;7;-59;AIR;
-176;7;-58;AIR;
-176;7;-57;AIR;
-176;8;-72;AIR;
-176;8;-71;AIR;
-176;8;-70;AIR;
-176;8;-69;AIR;
-176;8;-68;AIR;
-176;8;-67;AIR;
-176;8;-66;AIR;
-176;8;-65;AIR;
-176;8;-64;AIR;
-176;8;-63;AIR;
-176;8;-62;AIR;
-176;8;-61;AIR;
-176;8;-60;AIR;
-176;8;-59;AIR;
-176;8;-58;AIR;
-176;8;-57;AIR;
-176;9;-72;AIR;
-176;9;-71;AIR;
-176;9;-70;AIR;
-176;9;-69;AIR;
-176;9;-68;AIR;
-176;9;-67;AIR;
-176;9;-66;AIR;
-176;9;-65;AIR;
-176;9;-64;AIR;
-176;9;-63;AIR;
-176;9;-62;AIR;
-176;9;-61;AIR;
-176;9;-60;AIR;
-176;9;-59;AIR;
-176;9;-58;AIR;
-176;9;-57;AIR;
-175;1;-72;GRASS_BLOCK;
-175;1;-71;GRASS_BLOCK;
-175;1;-70;GRASS_BLOCK;
-175;1;-69;DIRT;
-175;1;-68;DIRT;
-175;1;-67;DIRT;
-175;1;-66;DIRT;
-175;1;-65;DIRT;
-175;1;-64;DIRT;
-175;1;-63;DIRT;
-175;1;-62;DIRT;
-175;1;-61;DIRT;
-175;1;-60;DIRT;
-175;1;-59;GRASS_BLOCK;
-175;1;-58;GRASS_BLOCK;
-175;1;-57;GRASS_BLOCK;
-175;2;-72;AIR;
-175;2;-71;AIR;
-175;2;-70;AIR;
-175;2;-69;DIRT;
-175;2;-68;STONE;
-175;2;-67;STONE;
-175;2;-66;STONE;
-175;2;-65;STONE;
-175;2;-64;STONE;
-175;2;-63;STONE;
-175;2;-62;STONE;
-175;2;-61;STONE;
-175;2;-60;DIRT;
-175;2;-59;AIR;
-175;2;-58;AIR;
-175;2;-57;AIR;
-175;3;-72;AIR;
-175;3;-71;AIR;
-175;3;-70;AIR;
-175;3;-69;GRASS_BLOCK;
-175;3;-68;STONE;
-175;3;-67;STONE;
-175;3;-66;STONE;
-175;3;-65;STONE;
-175;3;-64;STONE;
-175;3;-63;STONE;
-175;3;-62;STONE;
-175;3;-61;STONE;
-175;3;-60;GRASS_BLOCK;
-175;3;-59;AIR;
-175;3;-58;AIR;
-175;3;-57;AIR;
-175;4;-72;AIR;
-175;4;-71;AIR;
-175;4;-70;AIR;
-175;4;-69;AIR;
-175;4;-68;DIRT;
-175;4;-67;DIRT;
-175;4;-66;DIRT;
-175;4;-65;DIRT;
-175;4;-64;DIRT;
-175;4;-63;DIRT;
-175;4;-62;DIRT;
-175;4;-61;DIRT;
-175;4;-60;AIR;
-175;4;-59;AIR;
-175;4;-58;AIR;
-175;4;-57;AIR;
-175;5;-72;AIR;
-175;5;-71;AIR;
-175;5;-70;AIR;
-175;5;-69;AIR;
-175;5;-68;GRASS_BLOCK;
-175;5;-67;GRASS_BLOCK;
-175;5;-66;GRASS_BLOCK;
-175;5;-65;GRASS_BLOCK;
-175;5;-64;GRASS_BLOCK;
-175;5;-63;GRASS_BLOCK;
-175;5;-62;GRASS_BLOCK;
-175;5;-61;GRASS_BLOCK;
-175;5;-60;AIR;
-175;5;-59;AIR;
-175;5;-58;AIR;
-175;5;-57;AIR;
-175;6;-72;AIR;
-175;6;-71;AIR;
-175;6;-70;AIR;
-175;6;-69;AIR;
-175;6;-68;AIR;
-175;6;-67;AIR;
-175;6;-66;AIR;
-175;6;-65;AIR;
-175;6;-64;AIR;
-175;6;-63;AIR;
-175;6;-62;AIR;
-175;6;-61;AIR;
-175;6;-60;AIR;
-175;6;-59;AIR;
-175;6;-58;AIR;
-175;6;-57;AIR;
-175;7;-72;AIR;
-175;7;-71;AIR;
-175;7;-70;AIR;
-175;7;-69;AIR;
-175;7;-68;AIR;
-175;7;-67;AIR;
-175;7;-66;AIR;
-175;7;-65;AIR;
-175;7;-64;AIR;
-175;7;-63;AIR;
-175;7;-62;AIR;
-175;7;-61;AIR;
-175;7;-60;AIR;
-175;7;-59;AIR;
-175;7;-58;AIR;
-175;7;-57;AIR;
-175;8;-72;AIR;
-175;8;-71;AIR;
-175;8;-70;AIR;
-175;8;-69;AIR;
-175;8;-68;AIR;
-175;8;-67;AIR;
-175;8;-66;AIR;
-175;8;-65;AIR;
-175;8;-64;AIR;
-175;8;-63;AIR;
-175;8;-62;AIR;
-175;8;-61;AIR;
-175;8;-60;AIR;
-175;8;-59;AIR;
-175;8;-58;AIR;
-175;8;-57;AIR;
-175;9;-72;AIR;
-175;9;-71;AIR;
-175;9;-70;AIR;
-175;9;-69;AIR;
-175;9;-68;AIR;
-175;9;-67;AIR;
-175;9;-66;AIR;
-175;9;-65;AIR;
-175;9;-64;AIR;
-175;9;-63;AIR;
-175;9;-62;AIR;
-175;9;-61;AIR;
-175;9;-60;AIR;
-175;9;-59;AIR;
-175;9;-58;AIR;
-175;9;-57;AIR;
-174;1;-72;GRASS_BLOCK;
-174;1;-71;GRASS_BLOCK;
-174;1;-70;GRASS_BLOCK;
-174;1;-69;GRASS_BLOCK;
-174;1;-68;DIRT;
-174;1;-67;DIRT;
-174;1;-66;DIRT;
-174;1;-65;DIRT;
-174;1;-64;DIRT;
-174;1;-63;DIRT;
-174;1;-62;DIRT;
-174;1;-61;DIRT;
-174;1;-60;GRASS_BLOCK;
-174;1;-59;GRASS_BLOCK;
-174;1;-58;GRASS_BLOCK;
-174;1;-57;GRASS_BLOCK;
-174;2;-72;AIR;
-174;2;-71;AIR;
-174;2;-70;AIR;
-174;2;-69;AIR;
-174;2;-68;DIRT;
-174;2;-67;DIRT;
-174;2;-66;DIRT;
-174;2;-65;DIRT;
-174;2;-64;DIRT;
-174;2;-63;DIRT;
-174;2;-62;DIRT;
-174;2;-61;DIRT;
-174;2;-60;AIR;
-174;2;-59;AIR;
-174;2;-58;AIR;
-174;2;-57;AIR;
-174;3;-72;AIR;
-174;3;-71;AIR;
-174;3;-70;AIR;
-174;3;-69;AIR;
-174;3;-68;GRASS_BLOCK;
-174;3;-67;GRASS_BLOCK;
-174;3;-66;GRASS_BLOCK;
-174;3;-65;GRASS_BLOCK;
-174;3;-64;GRASS_BLOCK;
-174;3;-63;GRASS_BLOCK;
-174;3;-62;GRASS_BLOCK;
-174;3;-61;GRASS_BLOCK;
-174;3;-60;AIR;
-174;3;-59;AIR;
-174;3;-58;AIR;
-174;3;-57;AIR;
-174;4;-72;AIR;
-174;4;-71;AIR;
-174;4;-70;AIR;
-174;4;-69;AIR;
-174;4;-68;AIR;
-174;4;-67;AIR;
-174;4;-66;AIR;
-174;4;-65;AIR;
-174;4;-64;AIR;
-174;4;-63;AIR;
-174;4;-62;AIR;
-174;4;-61;AIR;
-174;4;-60;AIR;
-174;4;-59;AIR;
-174;4;-58;AIR;
-174;4;-57;AIR;
-174;5;-72;AIR;
-174;5;-71;AIR;
-174;5;-70;AIR;
-174;5;-69;AIR;
-174;5;-68;AIR;
-174;5;-67;AIR;
-174;5;-66;AIR;
-174;5;-65;AIR;
-174;5;-64;AIR;
-174;5;-63;AIR;
-174;5;-62;AIR;
-174;5;-61;AIR;
-174;5;-60;AIR;
-174;5;-59;AIR;
-174;5;-58;AIR;
-174;5;-57;AIR;
-174;6;-72;AIR;
-174;6;-71;AIR;
-174;6;-70;AIR;
-174;6;-69;AIR;
-174;6;-68;AIR;
-174;6;-67;AIR;
-174;6;-66;AIR;
-174;6;-65;AIR;
-174;6;-64;AIR;
-174;6;-63;AIR;
-174;6;-62;AIR;
-174;6;-61;AIR;
-174;6;-60;AIR;
-174;6;-59;AIR;
-174;6;-58;AIR;
-174;6;-57;AIR;
-174;7;-72;AIR;
-174;7;-71;AIR;
-174;7;-70;AIR;
-174;7;-69;AIR;
-174;7;-68;AIR;
-174;7;-67;AIR;
-174;7;-66;AIR;
-174;7;-65;AIR;
-174;7;-64;AIR;
-174;7;-63;AIR;
-174;7;-62;AIR;
-174;7;-61;AIR;
-174;7;-60;AIR;
-174;7;-59;AIR;
-174;7;-58;AIR;
-174;7;-57;AIR;
-174;8;-72;AIR;
-174;8;-71;AIR;
-174;8;-70;AIR;
-174;8;-69;AIR;
-174;8;-68;AIR;
-174;8;-67;AIR;
-174;8;-66;AIR;
-174;8;-65;AIR;
-174;8;-64;AIR;
-174;8;-63;AIR;
-174;8;-62;AIR;
-174;8;-61;AIR;
-174;8;-60;AIR;
-174;8;-59;AIR;
-174;8;-58;AIR;
-174;8;-57;AIR;
-174;9;-72;AIR;
-174;9;-71;AIR;
-174;9;-70;AIR;
-174;9;-69;AIR;
-174;9;-68;AIR;
-174;9;-67;AIR;
-174;9;-66;AIR;
-174;9;-65;AIR;
-174;9;-64;AIR;
-174;9;-63;AIR;
-174;9;-62;AIR;
-174;9;-61;AIR;
-174;9;-60;AIR;
-174;9;-59;AIR;
-174;9;-58;AIR;
-174;9;-57;AIR;
-173;1;-72;GRASS_BLOCK;
-173;1;-71;GRASS_BLOCK;
-173;1;-70;GRASS_BLOCK;
-173;1;-69;GRASS_BLOCK;
-173;1;-68;GRASS_BLOCK;
-173;1;-67;GRASS_BLOCK;
-173;1;-66;GRASS_BLOCK;
-173;1;-65;GRASS_BLOCK;
-173;1;-64;GRASS_BLOCK;
-173;1;-63;GRASS_BLOCK;
-173;1;-62;GRASS_BLOCK;
-173;1;-61;GRASS_BLOCK;
-173;1;-60;GRASS_BLOCK;
-173;1;-59;GRASS_BLOCK;
-173;1;-58;GRASS_BLOCK;
-173;1;-57;GRASS_BLOCK;
-173;2;-72;AIR;
-173;2;-71;AIR;
-173;2;-70;AIR;
-173;2;-69;AIR;
-173;2;-68;AIR;
-173;2;-67;AIR;
-173;2;-66;AIR;
-173;2;-65;AIR;
-173;2;-64;AIR;
-173;2;-63;AIR;
-173;2;-62;AIR;
-173;2;-61;AIR;
-173;2;-60;AIR;
-173;2;-59;AIR;
-173;2;-58;AIR;
-173;2;-57;AIR;
-173;3;-72;AIR;
-173;3;-71;AIR;
-173;3;-70;AIR;
-173;3;-69;AIR;
-173;3;-68;AIR;
-173;3;-67;AIR;
-173;3;-66;AIR;
-173;3;-65;AIR;
-173;3;-64;AIR;
-173;3;-63;AIR;
-173;3;-62;AIR;
-173;3;-61;AIR;
-173;3;-60;AIR;
-173;3;-59;AIR;
-173;3;-58;AIR;
-173;3;-57;AIR;
-173;4;-72;AIR;
-173;4;-71;AIR;
-173;4;-70;AIR;
-173;4;-69;AIR;
-173;4;-68;AIR;
-173;4;-67;AIR;
-173;4;-66;AIR;
-173;4;-65;AIR;
-173;4;-64;AIR;
-173;4;-63;AIR;
-173;4;-62;AIR;
-173;4;-61;AIR;
-173;4;-60;AIR;
-173;4;-59;AIR;
-173;4;-58;AIR;
-173;4;-57;AIR;
-173;5;-72;AIR;
-173;5;-71;AIR;
-173;5;-70;AIR;
-173;5;-69;AIR;
-173;5;-68;AIR;
-173;5;-67;AIR;
-173;5;-66;AIR;
-173;5;-65;AIR;
-173;5;-64;AIR;
-173;5;-63;AIR;
-173;5;-62;AIR;
-173;5;-61;AIR;
-173;5;-60;AIR;
-173;5;-59;AIR;
-173;5;-58;AIR;
-173;5;-57;AIR;
-173;6;-72;AIR;
-173;6;-71;AIR;
-173;6;-70;AIR;
-173;6;-69;AIR;
-173;6;-68;AIR;
-173;6;-67;AIR;
-173;6;-66;AIR;
-173;6;-65;AIR;
-173;6;-64;AIR;
-173;6;-63;AIR;
-173;6;-62;AIR;
-173;6;-61;AIR;
-173;6;-60;AIR;
-173;6;-59;AIR;
-173;6;-58;AIR;
-173;6;-57;AIR;
-173;7;-72;AIR;
-173;7;-71;AIR;
-173;7;-70;AIR;
-173;7;-69;AIR;
-173;7;-68;AIR;
-173;7;-67;AIR;
-173;7;-66;AIR;
-173;7;-65;AIR;
-173;7;-64;AIR;
-173;7;-63;AIR;
-173;7;-62;AIR;
-173;7;-61;AIR;
-173;7;-60;AIR;
-173;7;-59;AIR;
-173;7;-58;AIR;
-173;7;-57;AIR;
-173;8;-72;AIR;
-173;8;-71;AIR;
-173;8;-70;AIR;
-173;8;-69;AIR;
-173;8;-68;AIR;
-173;8;-67;AIR;
-173;8;-66;AIR;
-173;8;-65;AIR;
-173;8;-64;AIR;
-173;8;-63;AIR;
-173;8;-62;AIR;
-173;8;-61;AIR;
-173;8;-60;AIR;
-173;8;-59;AIR;
-173;8;-58;AIR;
-173;8;-57;AIR;
-173;9;-72;AIR;
-173;9;-71;AIR;
-173;9;-70;AIR;
-173;9;-69;AIR;
-173;9;-68;AIR;
-173;9;-67;AIR;
-173;9;-66;AIR;
-173;9;-65;AIR;
-173;9;-64;AIR;
-173;9;-63;AIR;
-173;9;-62;AIR;
-173;9;-61;AIR;
-173;9;-60;AIR;
-173;9;-59;AIR;
-173;9;-58;AIR;
-173;9;-57;AIR;
